Timestamp,Open,High,Low,Close,Volume
1325376000,4.58,4.84,4.58,4.84,10.00000000
1325462400,4.84,5.00,4.84,5.00,10.10000000
1325548800,5.00,5.32,5.00,5.29,107.08528092
1325635200,5.29,5.57,4.93,5.57,107.23326023
1325721600,5.57,6.46,5.57,6.42,70.32874237
1325808000,6.42,6.90,6.40,6.40,55.85583360
1325894400,6.40,6.80,6.00,6.80,2.79585799
1325980800,6.80,6.90,6.80,6.90,4.00000000
1326067200,6.90,7.00,6.36,6.48,64.86932290
1326153600,6.48,7.10,6.23,7.10,60.69194096
1326240000,7.10,7.33,6.25,7.00,93.32697324
1326326400,7.00,7.38,6.51,6.51,98.93163181
1326412800,6.51,7.36,6.51,6.90,33.62682051
1326499200,6.90,7.34,6.40,6.40,27.94332433
1326585600,6.40,7.15,6.30,7.15,20.93530070
1326672000,7.15,7.15,6.20,7.10,12.64929577
1326758400,7.10,7.10,6.50,6.90,11.24637681
1326844800,6.90,7.10,5.99,7.10,202.71440055
1326931200,7.10,7.10,5.52,6.01,158.46598447
1327017600,6.01,6.95,6.01,6.95,184.07583311
1327104000,6.95,6.95,6.95,6.95,0.00000000
1327190400,6.95,6.95,6.03,6.83,162.03488544
1327276800,6.83,6.83,6.00,6.52,95.57062909
1327363200,6.52,6.57,6.00,6.55,85.44624147
1327449600,6.55,6.86,6.00,6.00,80.72325640
1327536000,6.00,6.31,6.00,6.27,16.75896173
1327622400,6.27,6.30,3.80,5.88,105.64010172
1327708800,5.88,5.88,4.91,4.91,0.25000000
1327795200,4.91,5.90,4.91,5.90,1.85484643
1327881600,5.90,5.90,5.30,5.58,22.38000000
1327968000,5.58,6.22,5.55,5.55,104.71833334
1328054400,5.55,6.00,3.80,5.99,13.55244574
1328140800,5.99,6.26,5.54,6.26,123.58263763
1328227200,6.26,6.35,5.93,6.29,283.38210612
1328313600,6.29,6.50,5.94,6.50,67.69499409
1328400000,6.50,6.50,5.70,5.70,49.86668412
1328486400,5.70,6.15,5.20,5.90,26.36207817
1328572800,5.90,5.90,5.50,5.51,151.42474559
1328659200,5.51,5.79,5.51,5.66,57.96134674
1328745600,5.66,5.87,5.51,5.87,102.19951034
1328832000,5.87,5.89,5.80,5.88,202.92552890
1328918400,5.88,5.88,5.50,5.50,1.87948780
1329004800,5.50,5.78,5.50,5.55,34.60000000
1329091200,5.55,5.79,5.50,5.79,130.02787142
1329177600,5.79,5.80,4.56,4.56,123.83811213
1329264000,4.56,5.08,4.56,4.69,72.29598750
1329350400,4.69,4.98,4.15,4.98,94.61323754
1329436800,4.98,4.98,4.50,4.69,262.18826113
1329523200,4.69,4.73,4.14,4.38,252.88296387
1329609600,4.38,4.38,4.23,4.38,97.68354434
1329696000,4.38,4.72,4.38,4.40,248.54444348
1329782400,4.40,4.54,4.30,4.53,411.35990367
1329868800,4.53,4.58,4.46,4.57,58.87620649
1329955200,4.57,5.00,4.51,5.00,376.57464815
1330041600,5.00,5.22,5.00,5.12,400.41279154
1330128000,5.12,5.22,4.95,5.00,126.17775679
1330214400,5.00,5.07,4.78,4.96,29.20000000
1330300800,4.96,5.10,4.95,5.10,310.75231411
1330387200,5.10,5.10,4.71,4.71,358.30227545
1330473600,4.71,5.04,4.71,4.99,292.44719845
1330560000,4.99,5.05,4.90,5.03,242.94781426
1330646400,5.03,5.03,4.64,4.79,335.92023816
1330732800,4.79,4.99,4.60,4.65,125.91831514
1330819200,4.65,4.81,4.65,4.81,113.60841530
1330905600,4.81,5.00,4.77,5.00,341.18670030
1330992000,5.00,5.06,4.94,4.99,214.97053983
1331078400,4.99,5.09,4.98,5.01,607.38873958
1331164800,5.01,5.09,4.87,5.00,315.34447305
1331251200,5.00,5.07,4.95,5.07,306.23962038
1331337600,5.07,5.07,4.85,4.94,121.24892826
1331424000,4.94,5.00,4.84,5.00,24.68252609
1331510400,5.00,5.00,4.85,4.98,104.65346353
1331596800,4.98,5.32,4.96,5.28,723.76606321
1331683200,5.28,5.44,5.25,5.27,1144.73937297
1331769600,5.27,5.43,5.27,5.37,588.95554464
1331856000,5.37,5.39,5.27,5.39,182.43484486
1331942400,5.39,5.42,5.26,5.42,163.34873287
1332028800,5.42,5.42,5.24,5.24,379.63915352
1332115200,5.24,5.37,4.97,4.97,264.57868601
1332201600,4.97,4.99,4.80,4.80,416.95535546
1332288000,4.80,4.96,4.79,4.96,55.76862903
1332374400,4.96,4.98,4.79,4.80,281.88118084
1332460800,4.80,4.98,4.60,4.78,507.65999870
1332547200,4.78,4.78,4.72,4.72,0.70000000
1332633600,4.72,4.84,4.54,4.54,206.31208124
1332720000,4.54,4.68,4.54,4.68,63.66455997
1332806400,4.68,4.97,4.54,4.73,363.18985534
1332892800,4.73,4.95,4.72,4.87,423.28450509
1332979200,4.87,4.93,4.77,4.77,46.57341797
1333065600,4.77,4.91,4.76,4.88,228.08447863
1333152000,4.88,4.92,4.88,4.92,153.98004768
1333238400,4.92,4.92,4.77,4.89,312.89960073
1333324800,4.89,5.04,4.78,5.03,872.82662744
1333411200,5.03,5.04,4.86,4.95,117.46626534
1333497600,4.95,5.01,4.86,4.91,432.33188182
1333584000,4.91,5.04,4.89,4.90,170.51246242
1333670400,4.90,5.00,4.81,4.98,923.79641410
1333756800,4.98,4.99,4.70,4.70,273.84568497
1333843200,4.70,4.80,4.69,4.76,180.23400867
1333929600,4.76,4.85,4.70,4.85,58.55832457
1334016000,4.85,4.87,4.75,4.80,414.81763742
1334102400,4.80,4.88,4.78,4.88,262.08034761
1334188800,4.88,4.92,4.73,4.86,693.21181584
1334275200,4.86,4.95,4.81,4.89,1010.84555161
1334361600,4.89,5.01,4.86,4.98,740.63893854
1334448000,4.98,4.98,4.92,4.92,178.48458606
1334534400,4.92,4.99,4.92,4.94,472.36305846
1334620800,4.94,4.99,4.94,4.99,350.00743089
1334707200,4.99,5.18,4.98,5.11,825.93769222
1334793600,5.11,5.18,5.06,5.16,522.47172241
1334880000,5.16,5.22,5.09,5.19,394.46779259
1334966400,5.19,5.43,5.19,5.26,335.66606827
1335052800,5.26,5.26,5.18,5.18,136.58325896
1335139200,5.18,5.25,5.14,5.15,655.45112991
1335225600,5.15,5.15,4.98,5.11,2191.79000591
1335312000,5.11,5.14,4.90,4.90,1582.74192224
1335398400,4.89,5.14,4.86,5.08,362.92842381
1335484800,5.08,5.08,4.86,5.04,1252.72418771
1335571200,5.04,5.07,4.85,4.85,199.62227793
1335657600,4.85,4.96,4.81,4.91,68.28187643
1335744000,4.91,5.02,4.87,5.00,490.58077756
1335830400,5.00,5.04,4.86,4.97,831.74622588
1335916800,4.97,5.15,4.97,5.08,473.38454572
1336003200,5.08,5.13,5.05,5.10,652.96121494
1336089600,5.10,5.15,5.07,5.10,675.85000222
1336176000,5.10,5.14,5.04,5.04,504.42259194
1336262400,5.04,5.10,5.02,5.05,1206.95126126
1336348800,5.05,5.09,4.97,5.06,830.54702953
1336435200,5.06,5.08,4.99,5.04,659.28682416
1336521600,5.04,5.08,5.01,5.04,308.64057304
1336608000,5.04,5.04,4.90,5.01,913.69882317
1336694400,5.01,5.01,4.87,4.93,452.90303225
1336780800,4.93,4.97,4.93,4.97,103.12078006
1336867200,4.97,4.97,4.91,4.94,585.35446566
1336953600,4.94,4.99,4.88,4.99,706.72911768
1337040000,4.99,5.01,4.90,4.95,612.99596383
1337126400,4.95,5.04,4.95,5.04,166.76768282
1337212800,5.04,5.04,5.01,5.03,621.64037086
1337299200,5.03,5.06,5.02,5.06,877.63527931
1337385600,5.06,5.08,5.05,5.05,181.29813410
1337472000,5.05,5.08,5.03,5.08,47.83695807
1337558400,5.08,5.09,5.01,5.01,252.21034606
1337644800,5.01,5.08,5.00,5.07,562.32071690
1337731200,5.07,5.10,5.02,5.08,738.20529538
1337817600,5.08,5.12,5.04,5.12,910.25854663
1337904000,5.12,5.12,5.09,5.09,203.33948587
1337990400,5.09,5.09,5.06,5.07,493.29847801
1338076800,5.07,5.08,5.00,5.06,905.80741278
1338163200,5.06,5.08,5.06,5.08,174.70609285
1338249600,5.08,5.12,4.95,5.12,1330.46492264
1338336000,5.12,5.14,5.07,5.13,454.59578107
1338422400,5.13,5.15,5.09,5.14,1081.12584632
1338508800,5.14,5.24,5.10,5.22,788.20304367
1338595200,5.22,5.22,5.17,5.21,212.96550157
1338681600,5.21,5.21,5.19,5.19,19.33475413
1338768000,5.19,5.24,5.14,5.23,1340.96313689
1338854400,5.23,5.49,5.22,5.33,917.56826840
1338940800,5.33,5.49,5.33,5.48,726.42816510
1339027200,5.48,5.50,5.40,5.48,1152.92722963
1339113600,5.48,5.63,5.45,5.61,1682.14588631
1339200000,5.61,5.62,5.54,5.54,296.18351501
1339286400,5.54,5.59,5.43,5.43,306.97480795
1339372800,5.43,5.53,5.40,5.53,658.07950997
1339459200,5.53,5.90,5.50,5.90,1823.66435186
1339545600,5.90,6.00,5.70,5.95,8692.51663928
1339632000,5.95,5.95,5.79,5.87,3607.76994089
1339718400,5.87,6.09,5.56,6.08,2170.86681688
1339804800,6.08,6.52,6.05,6.40,1063.60440872
1339891200,6.40,6.47,6.14,6.16,391.50919323
1339977600,6.16,6.35,5.98,6.10,2308.01717533
1340064000,6.10,6.49,6.06,6.26,1564.45391334
1340150400,6.44,6.65,6.26,6.65,2003.28894268
1340236800,6.65,6.69,6.64,6.64,607.97329916
1340323200,6.64,6.67,6.48,6.59,897.86766966
1340409600,6.59,6.67,6.36,6.36,1027.69918308
1340496000,6.36,6.45,6.33,6.44,744.90606158
1340582400,6.44,6.44,6.11,6.20,1889.39096352
1340668800,6.20,6.46,6.17,6.44,2223.66418536
1340755200,6.44,6.68,6.34,6.52,10666.97147006
1340841600,6.52,6.54,5.99,6.50,4967.60091398
1340928000,6.50,6.63,6.46,6.57,7715.61362043
1341014400,6.57,6.61,6.50,6.54,1225.66353902
1341100800,6.54,6.62,6.53,6.54,329.15909557
1341187200,6.54,6.64,6.52,6.55,1670.86189902
1341273600,6.55,6.66,6.40,6.47,2090.53447248
1341360000,6.47,6.55,6.36,6.49,1611.89346607
1341446400,6.49,6.66,6.44,6.66,1703.27210066
1341532800,6.66,6.66,6.39,6.58,1351.43480713
1341619200,6.58,6.66,6.54,6.66,1016.81435203
1341705600,6.66,6.80,6.45,6.77,1608.54020134
1341792000,6.77,6.99,6.55,6.67,1332.71415064
1341878400,6.67,7.13,6.67,7.00,1672.16030115
1341964800,7.00,7.14,7.00,7.10,975.16669343
1342051200,7.10,7.19,7.10,7.10,1702.80647087
1342137600,7.16,7.69,7.10,7.65,1826.19705242
1342224000,7.65,7.65,7.44,7.44,470.53342217
1342310400,7.44,7.58,7.40,7.40,471.87345499
1342396800,7.40,8.21,7.14,8.05,3320.65925555
1342483200,8.05,8.80,7.70,8.42,3652.62319166
1342569600,8.42,9.15,8.36,9.10,3009.53573849
1342656000,9.10,9.20,8.92,9.20,2211.09593418
1342742400,9.20,9.20,7.93,8.53,1747.30107887
1342828800,8.53,8.91,8.20,8.86,2420.60758803
1342915200,8.86,8.86,8.30,8.64,1351.23842027
1343001600,8.64,8.88,8.10,8.78,2523.65035025
1343088000,8.78,8.80,8.25,8.57,1316.15570239
1343174400,8.57,8.70,8.24,8.49,705.59741321
1343260800,8.49,8.67,8.26,8.61,1748.74614989
1343347200,8.61,8.91,8.45,8.83,989.07316267
1343433600,8.83,9.00,8.80,8.90,1476.56427580
1343520000,8.90,8.90,8.70,8.72,656.26671786
1343606400,8.72,8.91,8.54,8.90,2246.24663751
1343692800,8.90,9.28,8.86,9.20,1446.85819366
1343779200,9.20,9.50,8.90,9.36,1972.06596977
1343865600,9.36,9.99,9.36,9.81,2597.31631521
1343952000,9.81,12.00,9.81,10.86,2109.27571520
1344038400,10.86,11.20,10.52,10.97,734.05911017
1344124800,10.97,10.97,10.31,10.40,1673.04430890
1344211200,10.40,10.99,10.29,10.84,2259.18217873
1344297600,10.83,10.87,10.64,10.74,865.39449983
1344384000,10.74,11.03,10.70,10.96,3222.76618253
1344470400,10.96,12.49,10.79,11.09,2322.08788847
1344556800,11.09,11.50,10.90,11.25,2513.07817902
1344643200,11.25,11.40,11.20,11.31,529.08845142
1344729600,11.31,11.69,11.31,11.69,588.61895499
1344816000,11.69,11.98,11.40,11.58,3725.85754400
1344902400,11.58,12.19,11.58,12.03,1652.53710615
1344988800,12.03,12.78,12.03,12.66,1807.95774556
1345075200,12.66,13.49,12.66,13.42,1519.05128930
1345161600,13.42,16.41,12.07,12.98,4447.78111068
1345248000,12.07,14.59,11.11,11.95,2219.14775902
1345334400,11.95,11.95,7.80,8.57,4494.06886606
1345420800,8.57,10.33,7.10,9.41,4984.39070807
1345507200,9.41,10.51,9.33,10.44,3316.33223485
1345593600,10.44,10.71,9.75,10.42,6783.53106976
1345680000,10.42,10.69,9.78,10.06,4017.77929549
1345766400,10.06,10.49,9.83,10.26,3620.63641497
1345852800,10.26,10.58,10.14,10.44,1422.11837980
1345939200,10.44,10.62,10.20,10.50,1423.29454473
1346025600,10.50,11.93,10.26,10.58,3791.67085295
1346112000,10.58,11.20,10.56,11.17,3054.95423686
1346198400,11.17,11.21,10.49,10.85,5155.58953730
1346284800,10.85,10.92,10.53,10.54,1433.80903643
1346371200,10.54,10.80,9.81,9.81,2592.18568273
1346457600,9.81,10.20,9.69,10.14,1074.19005657
1346544000,10.14,10.14,9.49,10.14,1370.36935928
1346630400,10.14,10.45,9.95,10.30,1093.24558930
1346716800,10.30,10.55,10.14,10.40,2506.70673503
1346803200,10.40,10.59,10.12,10.59,1633.07053899
1346889600,10.59,11.00,10.44,10.87,3110.61435310
1346976000,10.87,11.15,10.82,11.08,1937.59518889
1347062400,11.08,11.08,10.30,10.97,889.10135548
1347148800,10.97,11.11,10.68,10.85,1637.83787064
1347235200,10.85,11.08,10.74,10.98,2292.71326812
1347321600,10.98,11.00,10.65,10.65,3758.38709734
1347408000,10.64,11.14,10.38,11.13,3737.91070255
1347494400,11.13,11.42,10.98,11.30,1811.45508187
1347580800,11.30,11.70,11.05,11.70,2405.43738851
1347667200,11.70,11.70,11.35,11.60,588.42022828
1347753600,11.60,11.80,11.50,11.68,1407.69651882
1347840000,11.68,11.88,11.56,11.84,603.62658358
1347926400,11.84,11.89,11.65,11.89,2838.06755970
1348012800,11.89,12.50,11.80,12.40,2085.12949634
1348099200,12.40,12.66,12.32,12.45,861.00200737
1348185600,12.45,12.45,12.01,12.35,1616.00065157
1348272000,12.35,12.35,12.04,12.05,859.97166894
1348358400,12.05,12.11,11.79,11.86,1184.15724027
1348444800,11.86,11.99,11.69,11.95,1481.83550313
1348531200,11.95,12.18,11.74,11.85,2744.99655916
1348617600,11.85,12.19,11.53,12.10,3531.95699233
1348704000,12.10,12.38,11.84,12.25,2941.58621334
1348790400,12.25,12.26,11.53,12.26,3179.08583158
1348876800,12.26,12.28,12.12,12.22,643.76350613
1348963200,12.22,12.28,12.17,12.17,267.69582095
1349049600,12.17,12.27,11.60,12.08,3047.59352712
1349136000,12.08,12.70,12.07,12.30,4476.00439477
1349222400,12.30,12.99,12.30,12.90,4346.64402376
1349308800,12.90,12.92,12.51,12.70,3904.58232664
1349395200,12.70,12.79,11.50,12.64,4882.57055960
1349481600,12.64,12.67,12.16,12.38,2314.05617457
1349568000,12.38,12.45,11.70,11.75,3293.11924784
1349654400,11.75,11.99,10.42,11.64,2695.57790766
1349740800,11.64,12.26,11.36,11.89,2061.69258601
1349827200,11.89,12.01,11.78,12.01,1984.68152794
1349913600,12.01,12.25,11.58,11.78,2849.92675316
1350000000,11.78,12.10,11.78,12.00,627.99755066
1350086400,12.00,12.05,11.82,11.82,543.43852589
1350172800,11.82,11.97,11.79,11.84,339.83047428
1350259200,11.84,11.86,11.03,11.49,3209.32128768
1350345600,11.49,11.94,11.12,11.93,1174.62086489
1350432000,11.80,11.97,11.15,11.90,2897.67116112
1350518400,11.90,11.91,11.55,11.83,1049.11132897
1350604800,11.83,11.84,11.50,11.65,9734.72329769
1350691200,11.65,11.70,11.53,11.63,1541.69926478
1350777600,11.63,11.68,11.29,11.58,1491.65124218
1350864000,11.58,11.58,11.27,11.54,2162.38009716
1350950400,11.54,11.70,11.25,11.49,2914.94069496
1351036800,11.49,11.68,11.01,11.46,2989.21934816
1351123200,11.46,11.48,10.85,10.85,3137.46224206
1351209600,10.85,10.85,9.68,9.81,2480.51294351
1351296000,9.81,10.75,9.50,10.62,2031.29822655
1351382400,10.62,10.69,10.30,10.58,826.58700857
1351468800,10.58,10.78,10.32,10.59,2533.81731847
1351555200,10.59,10.81,10.43,10.70,2714.53931900
1351641600,10.70,10.92,10.66,10.75,2846.77624843
1351728000,10.75,11.05,10.75,10.98,1912.39075294
1351814400,10.98,10.98,10.45,10.68,2617.27442628
1351900800,10.68,10.70,10.41,10.67,1835.75428858
1351987200,10.67,10.68,10.40,10.53,1331.38071656
1352073600,10.53,10.80,10.41,10.78,2676.15461301
1352160000,10.78,10.80,10.51,10.57,6602.40194304
1352246400,10.57,10.84,10.46,10.82,3953.55649393
1352332800,10.82,10.83,10.25,10.80,2942.08963230
1352419200,10.80,10.84,10.61,10.81,2192.20196787
1352505600,10.81,10.87,10.63,10.87,1553.90092642
1352592000,10.87,10.87,10.64,10.64,561.80454313
1352678400,10.64,10.88,10.64,10.85,1149.02317820
1352764800,10.85,10.98,10.80,10.98,1999.77712413
1352851200,10.98,10.99,10.74,10.98,1761.39906661
1352937600,10.98,10.98,10.81,10.98,1770.13475037
1353024000,10.98,11.57,10.93,11.56,7852.66290651
1353110400,11.57,11.65,11.45,11.51,850.97904599
1353196800,11.51,11.65,11.32,11.57,1057.86576386
1353283200,11.57,11.63,11.03,11.63,3829.07697592
1353369600,11.63,11.69,11.32,11.63,2780.08965707
1353456000,11.63,11.65,11.34,11.64,3136.96885621
1353542400,11.64,12.12,11.47,12.11,9883.47022175
1353628800,12.11,12.11,11.63,12.04,2257.70098765
1353715200,12.04,12.20,12.04,12.17,1855.01147773
1353801600,12.17,12.35,12.17,12.21,865.87570863
1353888000,12.21,12.40,12.11,12.23,4332.38393008
1353974400,12.23,12.32,11.75,11.95,3756.30255284
1354060800,11.95,12.74,11.90,12.20,3101.91768951
1354147200,12.20,12.41,12.10,12.38,4237.54490883
1354233600,12.38,12.44,12.10,12.42,4095.58772396
1354320000,12.42,12.46,12.31,12.34,2837.37041096
1354406400,12.34,12.45,12.24,12.45,1636.21930771
1354492800,12.45,12.49,12.32,12.47,3134.84001766
1354579200,12.47,12.79,12.38,12.77,5475.40552369
1354665600,12.77,13.43,12.54,13.29,5095.33374443
1354752000,13.29,13.59,13.02,13.27,4321.75281402
1354838400,13.27,13.56,13.11,13.35,3949.87127252
1354924800,13.35,13.37,13.30,13.34,311.76908729
1355011200,13.34,13.36,13.10,13.18,1109.19390984
1355097600,13.18,13.40,13.03,13.28,5115.03282728
1355184000,13.28,13.41,13.12,13.40,3767.46294063
1355270400,13.40,13.43,13.23,13.39,3678.18976864
1355356800,13.39,13.50,13.05,13.48,5237.70201346
1355443200,13.48,13.94,13.39,13.52,6119.41481512
1355529600,13.52,13.60,13.28,13.38,2053.84965912
1355616000,13.38,13.44,13.27,13.27,1195.53643955
1355702400,13.27,13.39,12.85,13.08,4930.72981498
1355788800,13.08,13.32,12.85,13.05,3845.99034039
1355875200,13.05,13.62,12.75,13.28,5089.79665342
1355961600,13.28,13.44,13.01,13.44,3345.36571065
1356048000,13.44,13.44,13.21,13.30,2025.91700609
1356134400,13.30,13.37,13.20,13.20,1669.37949398
1356220800,13.20,13.29,13.09,13.21,356.99969914
1356307200,13.21,13.24,13.01,13.03,1825.10987149
1356393600,13.03,13.25,13.03,13.24,959.72276211
1356480000,13.24,13.24,13.01,13.16,1517.71825465
1356566400,13.06,13.25,12.98,13.00,2842.11885714
1356652800,13.00,13.28,12.91,13.13,3981.48651871
1356739200,13.12,13.29,13.05,13.24,1752.45904053
1356825600,13.24,13.29,13.11,13.29,931.78527589
1356912000,13.29,13.29,13.10,13.24,1263.76703681
1356998400,13.24,13.24,13.05,13.10,793.58323432
1357084800,13.10,13.23,12.77,13.06,3515.07449853
1357171200,13.06,13.26,12.96,13.10,2825.20373104
1357257600,13.10,13.24,12.84,13.17,3234.35570488
1357344000,13.17,13.22,13.10,13.14,1120.12342427
1357430400,13.14,13.15,13.03,13.15,949.95328706
1357516800,13.15,13.20,13.04,13.20,2155.99999856
1357603200,13.20,13.45,13.05,13.45,6449.19488819
1357689600,13.45,13.62,13.22,13.61,4525.21073869
1357776000,13.61,14.19,13.18,13.90,5192.04181785
1357862400,13.90,14.19,13.85,14.03,2012.89057888
1357948800,14.03,14.08,13.84,13.84,2660.54586255
1358035200,13.84,14.04,13.61,13.94,1433.00850559
1358121600,13.94,14.01,13.50,14.01,3458.74751812
1358208000,14.01,14.30,13.88,14.22,5469.45100300
1358294400,14.22,14.65,14.01,14.45,5066.83479120
1358380800,14.45,15.38,14.42,15.36,5177.16018349
1358467200,15.36,15.70,15.09,15.70,7751.92008795
1358553600,15.70,15.70,15.32,15.32,1876.55418354
1358640000,15.32,15.69,15.32,15.50,1038.96449224
1358726400,15.50,16.98,15.40,16.32,5892.54638719
1358812800,16.32,17.60,16.22,17.49,3041.45755398
1358899200,17.49,17.60,16.86,17.58,5646.67448725
1358985600,17.58,19.20,17.38,18.25,10239.25376022
1359072000,18.25,18.50,16.00,17.30,9837.92963001
1359158400,17.22,17.53,16.67,17.17,1907.41304122
1359244800,17.17,17.60,16.90,17.54,2670.46098698
1359331200,17.54,18.20,17.43,18.18,3834.04110094
1359417600,18.18,19.85,18.02,19.16,6171.87680633
1359504000,19.16,19.50,18.80,19.31,2765.99725857
1359590400,19.31,21.00,19.21,20.79,5770.33534730
1359676800,20.79,20.99,20.04,20.65,3092.74985887
1359763200,20.65,20.73,19.50,20.19,5306.22474932
1359849600,20.19,20.30,19.50,20.24,1762.68479244
1359936000,20.24,20.70,19.91,20.34,4847.89433125
1360022400,20.21,20.69,19.90,20.30,3003.31796803
1360108800,20.30,20.90,20.26,20.89,3511.88039275
1360195200,20.89,21.88,20.85,21.46,6890.17803485
1360281600,21.46,22.63,21.46,22.30,2596.43352462
1360368000,22.30,23.25,22.24,23.25,2155.01651834
1360454400,23.25,23.50,22.85,23.47,1480.90872925
1360540800,23.47,23.89,23.15,23.80,3505.21606132
1360627200,23.80,25.76,23.54,25.76,6979.94113772
1360713600,25.76,25.97,25.00,25.50,5434.30318287
1360800000,25.50,26.71,22.42,26.68,10285.17765261
1360886400,26.68,27.56,26.50,27.42,4932.60394022
1360972800,27.42,27.50,26.71,27.09,3053.06282232
1361059200,27.09,27.58,26.00,26.10,4530.92296417
1361145600,26.10,27.00,25.25,26.81,6187.65487518
1361232000,26.81,28.60,26.54,28.60,7451.28527595
1361318400,28.60,30.00,28.60,29.80,5835.28169286
1361404800,29.80,30.07,29.60,30.00,3893.33895195
1361491200,30.00,31.49,29.90,31.48,4824.45680153
1361577600,31.47,31.47,27.67,28.91,5163.89444635
1361664000,28.91,30.37,28.74,30.28,1491.27552330
1361750400,30.28,30.40,29.44,30.40,1346.42564391
1361836800,30.40,32.00,29.85,31.41,5132.79795486
1361923200,31.41,31.55,30.45,31.55,3100.50202903
1362009600,31.55,34.24,31.31,33.98,5715.44788482
1362096000,33.98,34.75,32.96,34.70,5226.90941238
1362182400,34.70,34.77,33.60,34.18,2057.37564522
1362268800,34.18,34.50,33.91,34.30,1001.84741040
1362355200,34.30,37.00,34.18,36.51,6030.64155919
1362441600,36.51,40.87,36.51,40.03,6243.26449273
1362528000,40.03,49.17,40.03,48.00,8363.85540998
1362614400,48.00,48.89,33.00,42.42,16934.27886988
1362700800,42.42,44.37,40.56,43.78,5631.28594274
1362787200,43.78,46.00,42.00,45.02,4261.51490003
1362873600,45.02,47.00,45.02,46.20,1428.92699652
1362960000,46.20,48.38,45.00,48.30,3273.70255268
1363046400,48.30,48.33,36.00,44.89,10444.82487535
1363132800,44.89,47.09,44.01,46.69,3855.16671634
1363219200,46.69,47.97,46.36,47.39,3744.22364054
1363305600,47.39,47.56,46.90,47.10,1093.79983440
1363392000,47.27,47.27,46.58,47.00,982.29443222
1363478400,47.00,47.10,46.70,47.09,1104.57525965
1363564800,47.09,47.67,46.98,47.67,3235.52806646
1363651200,47.67,60.00,47.65,57.78,11362.93262580
1363737600,57.78,65.84,57.76,65.49,8277.04240293
1363824000,65.30,76.91,64.00,73.89,9111.09194551
1363910400,73.89,76.90,68.53,71.03,6093.43626286
1363996800,71.03,72.00,50.09,62.24,13560.06810439
1364083200,62.24,71.00,60.25,70.80,3939.87773327
1364169600,70.80,80.00,69.25,77.00,7495.62802499
1364256000,77.09,86.00,74.06,77.89,7396.21126986
1364342400,77.89,89.99,77.89,89.49,5618.95389101
1364428800,89.49,97.00,87.34,94.50,5194.61111404
1364515200,94.50,96.80,80.00,90.22,11002.62042328
1364601600,90.22,95.00,88.03,92.40,2678.71176100
1364688000,92.40,94.96,92.00,94.08,1627.63587819
1364774400,94.08,106.50,93.50,103.99,6381.55516900
1364860800,103.99,113.80,100.10,113.80,6298.71597100
1364947200,113.89,158.41,113.89,133.70,10765.63062081
1365033600,133.92,150.00,110.00,133.21,11941.23738769
1365120000,132.64,144.00,127.09,142.00,6681.37182126
1365206400,142.52,150.03,140.00,142.79,3833.13447476
1365292800,142.79,160.00,138.50,158.28,6026.12845268
1365379200,158.28,198.00,157.03,193.20,13386.33266566
1365465600,193.31,230.00,164.34,229.50,10625.83372124
1365552000,229.03,259.34,70.00,130.00,15208.05066245
1365638400,130.00,193.00,50.00,60.01,38235.67165345
1365724800,61.66,112.00,45.00,81.50,31876.07780729
1365811200,81.50,119.00,80.10,87.00,17797.35349717
1365897600,86.81,103.22,85.00,95.00,7119.69724245
1365984000,95.00,99.80,81.94,87.00,13745.85389545
1366070400,87.01,87.01,49.80,65.20,40810.31681734
1366156800,66.00,100.00,60.00,87.03,30555.08069386
1366243200,87.48,101.12,78.92,95.01,12723.68692770
1366329600,95.68,140.20,93.00,117.00,30985.77818923
1366416000,117.00,127.88,114.27,126.55,6488.75486449
1366502400,126.55,129.79,101.00,121.36,17464.80296000
1366588800,121.37,125.45,116.00,123.68,6957.57030968
1366675200,123.68,134.78,120.78,134.50,11880.67974546
1366761600,134.46,161.00,134.00,151.04,22133.31428784
1366848000,151.04,170.28,140.20,145.50,9578.36225100
1366934400,145.80,145.80,123.20,133.76,18824.33088451
1367020800,133.90,148.61,125.76,127.03,6416.69043842
1367107200,128.06,148.18,121.57,133.21,5568.98939758
1367193600,133.18,151.65,123.96,142.35,10934.03602752
1367280000,142.30,144.99,133.89,136.84,6688.43303153
1367366400,136.83,141.28,104.90,110.66,20081.21245057
1367452800,111.02,127.24,93.01,105.38,21521.06757715
1367539200,105.33,115.00,81.50,91.27,28704.37523716
1367625600,91.26,115.64,90.29,110.08,16623.18703140
1367712000,111.18,118.76,106.50,115.63,8915.66045584
1367798400,115.88,123.97,112.67,116.64,12512.47286270
1367884800,116.64,116.64,98.77,106.99,17825.73374604
1367971200,107.00,116.29,104.42,113.96,10539.36003501
1368057600,113.96,114.42,109.00,112.50,6604.15287152
1368144000,112.02,119.98,109.20,118.50,10612.86999994
1368230400,118.50,119.00,112.95,115.38,4674.46397519
1368316800,115.38,117.86,113.00,113.40,3767.53313692
1368403200,113.40,117.48,113.40,116.73,2812.43573455
1368489600,116.45,117.90,113.55,114.05,5609.43595307
1368576000,114.50,116.77,101.72,109.36,16107.30717476
1368662400,109.03,112.00,105.00,111.79,7173.98879778
1368748800,111.79,118.10,109.00,117.97,9808.49950757
1368835200,117.96,118.32,114.00,118.30,5535.28177046
1368921600,118.34,118.98,115.61,116.49,4455.26492085
1369008000,116.49,118.52,114.03,118.49,4053.78441931
1369094400,118.49,118.94,116.00,117.88,4341.25830509
1369180800,117.53,119.37,117.00,119.35,6779.52175901
1369267200,119.34,121.89,118.00,121.89,9176.09437410
1369353600,121.89,129.94,121.36,129.88,13518.60825498
1369440000,129.88,129.89,126.00,128.50,6842.56427429
1369526400,128.96,130.21,127.89,129.75,4052.61573136
1369612800,130.22,130.60,120.33,123.58,5543.18857253
1369699200,124.00,127.49,123.00,125.52,7848.69613335
1369785600,125.52,130.09,125.40,130.02,8523.60104294
1369872000,130.02,131.00,124.90,126.97,10212.50970884
1369958400,126.97,129.87,125.01,127.24,5812.61458493
1370044800,127.24,128.86,126.36,128.50,3915.54759970
1370131200,128.50,128.83,117.02,120.00,14179.30997791
1370217600,120.00,125.01,117.00,120.53,9136.29748162
1370304000,120.43,123.66,116.32,120.58,8530.27581977
1370390400,120.56,122.74,119.65,121.51,4349.02044463
1370476800,121.50,122.00,119.42,119.47,4024.18558974
1370563200,119.61,120.62,107.00,111.15,19124.55691302
1370649600,111.16,112.46,108.44,109.94,5884.00079128
1370736000,109.35,110.00,90.00,99.94,27460.98201712
1370822400,98.50,107.90,93.10,103.63,16086.68010820
1370908800,103.63,108.00,102.97,107.34,5572.39543513
1370995200,107.34,111.18,106.35,108.42,6089.91791636
1371081600,108.42,108.91,105.00,107.74,4577.76074760
1371168000,107.74,107.74,95.00,100.12,13924.45008168
1371254400,100.78,105.00,95.00,99.42,6386.33522570
1371340800,99.42,101.11,99.22,100.30,2004.88979099
1371427200,100.30,101.47,98.00,100.67,5548.50619549
1371513600,100.67,108.18,99.50,105.69,9251.64874033
1371600000,105.68,107.50,99.99,105.70,6249.92758493
1371686400,105.70,108.00,102.00,106.70,7916.77397852
1371772800,106.70,106.96,90.00,102.00,14392.70988826
1371859200,102.00,103.00,98.55,100.00,3582.36702954
1371945600,100.00,101.45,98.50,100.38,1901.10053119
1372032000,100.38,102.30,95.00,99.47,8828.06286959
1372118400,99.10,101.00,97.47,99.00,5273.00400064
1372204800,99.01,99.98,96.13,98.21,5251.10259201
1372291200,98.26,99.24,97.27,97.33,4049.09138349
1372377600,97.33,98.09,88.01,89.97,18199.30456680
1372464000,89.96,91.61,86.20,88.51,5990.81329892
1372550400,88.51,90.30,88.00,89.00,2350.21968844
1372636800,89.01,90.16,82.41,85.51,11741.07106858
1372723200,85.03,88.00,80.94,87.30,19791.43485725
1372809600,87.31,89.56,79.50,80.96,16395.83254198
1372896000,80.95,83.90,70.06,79.96,27916.21697385
1372982400,79.76,80.99,63.26,66.22,28181.36127869
1373068800,66.22,72.88,63.01,65.65,19586.93828624
1373155200,65.03,69.99,63.00,68.96,8225.69835855
1373241600,68.94,76.94,68.60,73.91,20048.16917193
1373328000,73.92,75.60,70.25,75.06,13662.78852455
1373414400,75.06,82.33,73.55,79.41,20697.74055300
1373500800,79.60,89.96,79.60,87.05,25002.24673029
1373587200,87.05,100.00,86.10,88.45,31442.76923611
1373673600,88.45,92.00,87.15,89.89,6933.77063418
1373760000,89.94,93.00,88.41,92.33,5221.54701019
1373846400,92.32,95.00,88.11,93.95,13451.26715140
1373932800,93.93,94.49,89.09,91.58,9219.43143801
1374019200,91.58,92.75,89.00,91.10,8015.87360877
1374105600,91.07,91.59,77.00,85.01,20394.40969869
1374192000,85.00,88.00,83.21,85.88,8991.66342998
1374278400,85.88,87.07,83.72,86.32,4330.08721480
1374364800,86.32,86.99,84.25,85.12,3699.29274884
1374451200,85.12,87.08,83.00,85.20,7943.31171424
1374537600,85.12,88.88,82.00,86.94,13388.47182640
1374624000,86.93,88.41,85.73,87.92,8716.57422738
1374710400,87.83,90.58,87.08,90.02,10843.49253923
1374796800,90.02,91.77,88.56,90.50,6679.96661706
1374883200,90.50,91.00,87.80,89.03,3403.16464114
1374969600,89.02,92.50,87.90,91.55,5502.63443627
1375056000,91.55,94.01,90.54,93.29,11810.69733615
1375142400,93.29,94.64,92.51,94.14,8277.47653681
1375228800,94.14,101.00,94.02,99.67,20238.46706555
1375315200,98.72,99.66,95.15,96.02,7962.29698864
1375401600,96.16,98.71,93.56,97.87,12384.18231662
1375488000,97.63,98.49,93.03,95.96,7727.24769482
1375574400,95.95,96.61,95.00,96.61,3192.13746236
1375660800,96.61,98.80,96.00,97.93,9606.42346402
1375747200,97.93,98.98,96.00,97.58,10805.30700887
1375833600,97.58,98.32,96.21,97.63,5940.02595018
1375920000,97.62,97.84,92.39,93.85,13246.01351748
1376006400,93.85,95.75,90.00,92.95,14039.06230349
1376092800,92.95,94.00,92.03,94.00,2996.86976013
1376179200,94.00,94.37,92.80,94.00,2401.55051051
1376265600,94.00,94.64,93.31,93.99,4393.92712316
1376352000,93.99,97.05,93.70,96.84,11933.02945949
1376438400,96.84,101.00,96.02,98.55,21370.57599198
1376524800,98.52,100.01,96.68,98.75,8994.68652357
1376611200,98.41,98.98,96.50,98.94,8847.54684059
1376697600,98.96,99.50,97.48,99.02,5849.79836419
1376784000,99.02,99.99,98.41,99.28,3863.28060976
1376870400,99.28,105.16,98.96,101.79,19511.38552628
1376956800,101.77,104.77,100.38,104.57,11278.28854205
1377043200,104.57,114.00,103.75,111.89,22847.24189116
1377129600,112.74,113.76,107.98,109.50,13422.19947871
1377216000,109.25,109.97,104.20,107.12,9955.28411172
1377302400,107.12,110.33,106.54,109.49,4064.51299950
1377388800,109.49,113.01,108.40,112.18,8811.41116158
1377475200,112.18,113.30,110.27,111.00,8895.04628737
1377561600,111.00,118.90,110.77,118.50,20955.45201903
1377648000,118.46,119.63,117.04,119.30,9857.35204893
1377734400,119.30,120.00,117.00,118.25,10859.05697625
1377820800,118.25,126.14,118.04,123.86,15613.43789101
1377907200,123.86,132.80,123.08,131.24,16816.64452637
1377993600,131.24,134.95,125.50,130.78,12709.12152609
1378080000,130.79,132.00,128.52,130.02,8834.10097011
1378166400,130.02,131.00,127.00,129.70,11634.43552270
1378252800,129.70,130.55,121.02,124.47,12707.53142782
1378339200,124.03,127.50,115.21,124.05,24133.65268034
1378425600,124.05,124.55,115.21,117.05,19148.77955286
1378512000,117.07,122.16,115.50,118.78,11757.56788359
1378598400,118.78,120.94,117.00,118.50,4582.80255285
1378684800,118.31,124.13,116.00,122.87,17971.38217949
1378771200,122.84,124.26,115.00,122.26,15411.14137804
1378857600,122.26,125.00,118.00,123.70,14566.27056318
1378944000,123.70,128.50,121.01,128.08,16449.51090491
1379030400,128.08,128.79,125.05,128.08,10330.17051328
1379116800,128.03,128.19,123.05,124.03,8784.14202591
1379203200,124.03,126.25,123.00,125.13,5857.17375920
1379289600,125.13,126.71,124.03,125.80,7266.19454066
1379376000,125.79,127.69,125.22,127.43,7833.13481155
1379462400,127.43,127.99,126.05,127.87,12099.78413704
1379548800,127.89,128.00,123.27,125.40,12308.79690469
1379635200,125.37,126.02,122.76,123.77,10251.43571989
1379721600,123.76,124.10,121.16,123.54,5321.81845141
1379808000,123.54,123.70,122.35,122.95,2726.46820271
1379894400,122.94,123.99,121.54,123.01,7633.54964462
1379980800,123.00,123.44,121.78,122.89,6794.65715796
1380067200,122.89,125.00,121.77,124.37,10485.75965258
1380153600,124.37,124.64,123.00,124.64,7939.66819675
1380240000,124.64,126.88,123.26,125.99,11639.09400954
1380326400,125.99,127.00,124.01,126.67,7780.53361518
1380412800,126.67,128.80,126.03,127.86,5660.38158992
1380499200,127.81,128.08,122.77,126.24,12053.44934285
1380585600,126.24,127.93,125.38,127.19,7863.79976064
1380672000,127.22,127.80,85.00,110.83,48928.55388470
1380758400,110.71,118.79,101.36,117.47,35315.65932680
1380844800,117.91,122.98,116.26,122.32,15080.39292781
1380931200,122.06,122.75,121.11,121.33,3492.97616249
1381017600,121.39,122.37,121.11,122.28,3953.90667128
1381104000,122.28,123.99,121.70,123.52,6962.65072074
1381190400,123.52,124.51,120.11,124.01,13410.88066101
1381276800,124.05,127.99,122.30,125.98,20093.51804055
1381363200,126.00,127.30,124.90,126.39,14563.69560117
1381449600,126.39,127.31,125.93,127.02,7890.04129839
1381536000,126.99,128.00,126.01,127.94,7131.53719304
1381622400,127.56,132.96,127.30,130.94,12010.45961069
1381708800,130.94,138.22,130.65,135.45,21859.27485678
1381795200,135.59,140.07,133.88,139.61,15022.10378361
1381881600,139.61,147.39,138.00,141.23,30597.31602901
1381968000,141.35,145.00,135.00,143.97,19328.28567466
1382054400,143.97,154.69,142.61,151.98,22925.31016540
1382140800,151.98,172.00,150.15,164.93,37200.78993838
1382227200,164.87,166.58,162.00,165.00,7670.23996514
1382313600,165.00,181.93,164.56,179.90,30015.25884149
1382400000,179.90,196.27,178.89,189.30,40847.94672322
1382486400,189.30,203.52,185.00,203.52,25874.93106698
1382572800,203.52,206.60,156.20,191.70,53331.39038792
1382659200,191.69,196.00,167.67,183.88,34726.37310686
1382745600,183.88,190.00,177.00,181.00,12295.27347397
1382832000,181.00,193.80,178.62,193.79,9054.33832551
1382918400,193.79,197.50,190.80,196.99,11473.27459987
1383004800,196.99,203.00,193.14,201.00,14333.48840939
1383091200,202.41,206.00,197.00,199.67,26009.89481171
1383177600,200.89,203.75,195.00,203.74,15833.00966608
1383264000,203.70,203.75,200.23,203.10,6395.08203550
1383350400,203.10,205.15,201.14,204.70,7221.82060748
1383436800,204.98,208.00,203.51,207.75,8534.66927811
1383523200,207.75,227.51,206.33,226.42,24637.89863584
1383609600,226.42,250.79,224.00,247.80,34249.46526693
1383696000,247.80,261.00,228.63,260.48,48453.10377757
1383782400,259.61,297.80,259.61,283.00,49149.34008742
1383868800,284.00,330.01,277.78,327.14,40028.47134608
1383955200,327.14,363.65,298.95,356.05,40081.07339238
1384041600,356.05,356.74,265.01,299.90,68687.30094971
1384128000,299.30,349.90,296.20,334.00,32949.42198322
1384214400,334.00,357.00,323.78,350.98,19581.58301221
1384300800,349.30,397.00,348.00,391.89,36006.43692452
1384387200,391.89,421.97,379.00,414.90,32247.12497624
1384473600,414.90,431.36,401.35,426.19,24587.64225526
1384560000,427.87,447.47,390.00,430.00,29574.15720818
1384646400,433.30,473.42,430.00,464.07,21319.23487811
1384732800,463.00,604.42,460.00,584.65,45180.93234791
1384819200,584.65,755.00,378.00,608.05,84192.38187954
1384905600,607.06,610.00,440.00,610.00,51967.94199669
1384992000,610.00,705.00,551.10,700.50,37737.86675371
1385078400,700.00,790.00,680.25,768.99,26257.34529142
1385164800,769.00,874.81,760.00,843.14,21681.01458590
1385251200,843.14,865.00,747.00,822.50,20181.81105587
1385337600,824.00,838.20,790.03,807.00,14505.24563554
1385424000,806.90,857.87,770.10,852.20,31943.40700314
1385510400,852.30,969.00,850.00,948.46,31993.18709729
1385596800,948.50,1050.18,931.00,1005.49,38967.69875110
1385683200,1001.50,1097.49,980.00,1084.10,22004.25054498
1385769600,1085.00,1163.00,1075.85,1110.09,15520.77312505
1385856000,1110.09,1147.27,911.00,912.15,30887.89614274
1385942400,911.68,1050.00,795.60,1005.98,59839.50462996
1386028800,1005.00,1088.00,995.07,1057.00,15943.28181424
1386115200,1059.80,1153.27,1041.78,1143.09,13162.17508831
1386201600,1143.09,1148.00,848.42,1034.90,54278.27433734
1386288000,1034.34,1063.50,800.00,800.01,37855.13230802
1386374400,800.01,911.00,542.38,731.00,92891.97224274
1386460800,737.31,797.00,651.00,727.32,26147.98498500
1386547200,727.32,899.90,727.32,871.93,29979.90409479
1386633600,871.95,975.85,852.18,964.87,22671.62420300
1386720000,962.00,989.60,804.00,880.12,32551.59129352
1386806400,880.13,898.90,832.01,864.01,16244.82849354
1386892800,864.85,920.42,850.00,863.00,15138.07591340
1386979200,863.00,895.00,843.45,858.42,8214.43325441
1387065600,858.41,869.39,803.51,854.92,11396.83411409
1387152000,854.93,869.98,665.00,722.00,33790.64791279
1387238400,719.89,750.00,612.51,714.05,64113.79533256
1387324800,714.05,716.16,382.21,575.00,127286.48653306
1387411200,575.01,697.21,492.91,665.93,64245.56607726
1387497600,665.93,719.97,630.00,651.56,32766.73377766
1387584000,653.28,664.52,550.00,605.00,33065.85506428
1387670400,605.00,690.00,575.61,625.00,17644.24496413
1387756800,625.00,650.00,607.77,635.37,11218.17680074
1387843200,638.05,668.80,627.00,647.27,15529.77715641
1387929600,647.27,665.00,636.99,658.10,5481.46158915
1388016000,658.11,743.20,658.02,741.41,20803.61442146
1388102400,743.00,764.32,702.26,711.00,23461.84888014
1388188800,710.53,736.01,682.22,710.00,13443.47563618
1388275200,710.00,728.42,703.45,710.00,7062.44743851
1388361600,710.00,739.99,709.20,738.49,8500.89128125
1388448000,738.49,740.00,709.00,734.33,7734.62108388
1388534400,734.33,757.99,726.62,746.78,8219.68560332
1388620800,746.78,763.80,742.50,763.23,8555.80523744
1388707200,763.23,818.99,762.99,799.78,19859.94778033
1388793600,797.63,830.00,790.05,822.82,11791.37203244
1388880000,821.17,919.90,817.80,908.00,19513.30890789
1388966400,905.37,995.00,876.00,919.99,29034.17468536
1389052800,920.00,944.50,817.72,847.03,23828.73678755
1389139200,847.03,864.98,765.00,819.54,37827.38881698
1389225600,819.20,848.00,779.78,782.81,18998.12898105
1389312000,782.81,843.89,782.00,833.87,16337.66368329
1389398400,833.85,909.96,825.10,884.41,19045.03834652
1389484800,884.40,905.00,826.46,858.97,12558.52701592
1389571200,858.97,864.00,783.11,812.89,17048.37267866
1389657600,812.89,837.00,800.00,823.38,11899.75082059
1389744000,824.36,850.26,804.24,844.15,12965.35753674
1389830400,846.27,849.00,817.12,826.11,7366.31407091
1389916800,826.11,827.00,776.64,786.11,14821.88513765
1390003200,785.94,817.12,765.00,804.38,9361.83862272
1390089600,804.38,840.00,791.01,824.99,7939.27365245
1390176000,824.99,845.00,815.00,829.21,6356.37006679
1390262400,829.21,837.16,814.00,818.18,7789.52099838
1390348800,818.18,824.99,801.00,811.00,8635.28556073
1390435200,811.00,823.28,801.10,812.25,7529.41376964
1390521600,812.25,818.20,767.02,795.00,15177.32440928
1390608000,795.00,810.00,773.40,809.92,8526.24164710
1390694400,806.01,834.00,795.01,826.71,10638.37004440
1390780800,824.03,827.00,750.00,787.30,15896.81300548
1390867200,783.59,812.93,725.00,795.00,27644.66157240
1390953600,795.09,804.95,781.99,801.50,8563.21629281
1391040000,799.17,812.44,770.70,803.11,12597.66018071
1391126400,803.11,809.98,791.00,801.46,8601.11202547
1391212800,801.46,827.38,798.00,816.00,7224.94375752
1391299200,816.19,825.21,809.40,819.11,4264.17166919
1391385600,820.20,820.20,800.50,810.00,5734.89657136
1391472000,810.00,812.98,796.83,809.48,6973.33603844
1391558400,806.69,810.00,798.00,803.93,5154.44353105
1391644800,803.93,804.00,752.00,780.00,20254.88016994
1391731200,780.00,785.03,619.00,739.43,67389.00993791
1391817600,739.44,739.44,676.11,708.41,11665.01600337
1391904000,708.41,755.42,662.01,704.00,17401.09913560
1391990400,704.00,713.00,530.00,659.00,69359.98139467
1392076800,659.00,720.00,640.01,668.12,29336.38814826
1392163200,666.65,687.00,631.00,666.57,30267.40831685
1392249600,666.00,667.43,631.00,634.04,16707.80927348
1392336000,634.04,712.90,538.01,681.65,76509.86545301
1392422400,681.65,685.15,628.88,652.08,21121.00867741
1392508800,652.02,673.01,612.66,616.77,20153.95017510
1392595200,616.77,664.99,590.01,633.13,28528.15958926
1392681600,633.14,650.00,609.99,623.71,16150.82980247
1392768000,625.00,630.46,617.43,630.46,6993.95094777
1392854400,628.66,636.00,572.06,575.17,31972.94662098
1392940800,575.17,594.36,530.01,560.02,34559.95798377
1393027200,560.02,619.88,558.30,593.85,19045.48161212
1393113600,593.85,646.00,593.37,626.27,17044.25551918
1393200000,625.47,629.00,514.02,554.00,49419.17893659
1393286400,552.22,555.99,400.00,517.51,112848.33758713
1393372800,517.52,610.00,509.96,588.00,50607.42481063
1393459200,586.98,599.99,564.77,584.68,24370.92358633
1393545600,584.68,591.64,553.00,575.50,16604.13640730
1393632000,575.50,578.38,535.00,571.71,22015.41252449
1393718400,571.71,576.00,553.67,561.90,4855.12827583
1393804800,561.80,710.00,553.00,683.01,54966.37620604
1393891200,687.30,702.24,633.64,674.66,36953.43557349
1393977600,674.66,679.97,651.90,663.50,15138.51712080
1394064000,663.51,675.71,650.00,658.99,10241.40402267
1394150400,658.99,670.00,613.45,622.94,20057.28462098
1394236800,622.89,639.79,604.50,612.27,10717.25791539
1394323200,612.27,653.00,610.14,643.30,10107.68101559
1394409600,643.30,646.96,615.01,615.01,10890.72701482
1394496000,616.00,635.00,609.00,625.48,8566.54359551
1394582400,625.48,656.95,621.50,644.99,14289.65232143
1394668800,646.02,650.00,630.23,643.91,7617.33469707
1394755200,647.89,649.23,627.00,631.95,9322.96362196
1394841600,631.90,639.88,625.29,639.77,2864.00524605
1394928000,637.99,639.88,629.02,632.31,3100.21738266
1395014400,632.31,634.99,619.46,627.60,7331.25976562
1395100800,627.60,627.81,591.13,617.31,16708.50724891
1395187200,617.31,623.95,605.11,610.00,6540.65381921
1395273600,610.00,614.99,578.66,592.00,10866.61049214
1395360000,592.00,607.88,556.00,582.00,20784.24643060
1395446400,583.00,583.00,541.00,559.38,14519.42711961
1395532800,559.37,570.00,556.92,564.99,6811.42833554
1395619200,564.89,577.73,547.00,572.08,9895.42145692
1395705600,572.08,592.60,568.86,585.00,11909.97382124
1395792000,585.00,592.00,565.00,584.00,10893.38225539
1395878400,584.00,584.69,505.00,517.66,36798.73902503
1395964800,517.67,532.00,466.10,485.21,43053.53643008
1396051200,486.77,518.46,485.02,500.00,9929.65550665
1396137600,498.63,500.00,436.00,452.74,30301.57392689
1396224000,453.99,486.70,438.00,454.00,21109.77617129
1396310400,454.00,509.98,446.02,478.80,24449.85522507
1396396800,478.03,494.98,430.51,437.33,31974.77158934
1396483200,437.33,465.00,416.11,449.93,29007.50189507
1396569600,449.94,459.50,430.77,448.10,17241.29456298
1396656000,448.10,456.23,441.25,454.84,5089.59120116
1396742400,454.84,465.00,450.20,457.71,6134.29069350
1396828800,459.92,464.19,446.00,453.65,7322.71095169
1396915200,453.65,459.80,446.24,454.19,5584.15357425
1397001600,454.19,457.90,439.50,445.64,8248.84652467
1397088000,445.64,445.64,382.70,393.30,38161.01229853
1397174400,393.87,432.22,339.79,420.57,53712.26168791
1397260800,420.48,439.50,413.72,424.15,11573.10321497
1397347200,424.15,429.00,397.16,410.59,10733.80228494
1397433600,412.69,475.00,408.00,458.40,32044.57433916
1397520000,458.40,515.00,453.16,494.15,28851.77072537
1397606400,494.15,548.00,494.02,512.49,32846.86912977
1397692800,512.47,537.24,481.63,500.00,22140.59863377
1397779200,500.00,508.43,470.00,484.60,12334.48394484
1397865600,484.60,507.43,472.81,505.21,9547.24524673
1397952000,505.21,516.53,490.59,497.04,6837.28679775
1398038400,497.06,515.00,490.00,496.07,8506.49806951
1398124800,495.88,504.90,487.50,492.00,7008.11497580
1398211200,492.00,495.20,484.61,489.75,6441.46351945
1398297600,489.75,494.09,480.00,492.52,6228.43769699
1398384000,492.55,505.00,438.05,460.57,33135.39283742
1398470400,461.55,470.96,451.07,464.60,10898.01788190
1398556800,464.60,467.98,438.88,445.00,7519.41148787
1398643200,445.00,452.16,424.00,447.99,18344.45795845
1398729600,447.50,454.47,432.02,439.86,14160.56561986
1398816000,439.86,451.88,433.08,447.56,11293.36640383
1398902400,445.23,465.88,444.79,459.19,10651.22955771
1398988800,459.19,462.99,444.51,452.17,7833.34186729
1399075200,452.07,455.78,431.00,434.50,7522.59977107
1399161600,434.50,442.36,429.55,438.40,4707.39462642
1399248000,437.90,445.00,425.00,427.22,8892.71821180
1399334400,429.84,434.89,420.27,428.40,8415.22763842
1399420800,428.40,452.00,425.67,448.97,11575.25697506
1399507200,448.97,450.08,438.00,442.87,7497.22112200
1399593600,440.66,457.08,437.61,449.92,9056.78505869
1399680000,450.00,455.00,449.75,453.70,2961.80724029
1399766400,453.70,459.24,429.60,438.45,9500.76980542
1399852800,438.45,443.60,431.56,441.51,4644.52075385
1399939200,441.51,443.77,430.61,439.20,6168.70630739
1400025600,439.20,448.00,435.00,445.32,5538.53060472
1400112000,445.32,452.67,444.00,448.39,6279.50715951
1400198400,447.11,452.41,444.50,451.64,3790.14440074
1400284800,450.00,451.90,445.01,450.89,2471.09949336
1400371200,450.89,451.43,444.52,445.99,2560.32768239
1400457600,445.99,449.44,441.44,447.78,4349.78108063
1400544000,447.78,500.00,446.24,489.91,25516.97378515
1400630400,489.90,499.10,480.96,496.23,9799.01090487
1400716800,496.13,528.87,492.65,520.80,16216.16025791
1400803200,520.80,547.10,519.44,531.15,19434.17204046
1400889600,531.15,533.33,515.40,525.22,6848.00645660
1400976000,525.22,586.34,524.10,573.79,19384.90975601
1401062400,573.79,593.48,565.58,582.54,11810.40113452
1401148800,582.54,595.00,550.22,579.81,19646.67980837
1401235200,580.00,582.26,563.45,572.56,8386.59562290
1401321600,572.56,582.10,560.05,567.50,9247.21349923
1401408000,567.50,617.00,567.02,613.00,17923.67586356
1401494400,613.00,629.40,611.00,622.00,13681.16325069
1401580800,621.01,683.26,618.53,638.85,22085.38494262
1401667200,638.84,658.49,613.03,641.43,14039.40623718
1401753600,642.49,680.99,641.43,666.10,21753.48074879
1401840000,666.10,674.16,621.86,644.90,17303.77969831
1401926400,644.90,669.63,639.69,659.87,10726.73442609
1402012800,659.87,664.97,647.86,652.09,6378.65221078
1402099200,653.87,656.84,635.88,656.00,6685.61530703
1402185600,656.00,661.11,651.70,652.57,2505.51505356
1402272000,655.01,659.00,639.93,650.12,6084.81021764
1402358400,652.07,657.41,641.01,647.81,6496.82334138
1402444800,649.90,652.39,627.12,635.85,7783.62084804
1402531200,636.25,636.30,602.50,604.00,10517.56036037
1402617600,604.45,611.99,550.00,578.12,35086.08102375
1402704000,578.12,593.53,538.38,552.01,14981.63387935
1402790400,555.64,576.64,551.88,570.00,7454.92576420
1402876800,571.79,610.00,569.12,595.89,13899.54465658
1402963200,597.98,602.00,580.00,598.88,4812.91788373
1403049600,598.93,616.00,596.81,608.49,8858.38649510
1403136000,605.98,609.98,601.11,605.77,3005.87906737
1403222400,604.37,606.00,580.51,595.25,7923.30639693
1403308800,593.49,596.50,580.00,592.17,3373.47605908
1403395200,592.17,605.05,587.82,597.72,4148.97542111
1403481600,595.00,601.00,580.46,589.22,4928.20655085
1403568000,587.10,589.77,582.00,586.04,4189.71080921
1403654400,586.04,586.60,555.11,570.05,10064.01587219
1403740800,568.55,573.89,554.45,570.71,5326.29874958
1403827200,570.64,590.00,568.04,587.83,6921.52551618
1403913600,589.52,604.21,575.00,597.75,5864.06120020
1404000000,597.96,601.79,589.56,593.16,1642.26588560
1404086400,594.57,647.00,592.15,643.41,14118.28415650
1404172800,643.50,658.88,636.00,653.90,9216.51732927
1404259200,653.90,658.75,638.00,653.20,6719.01049462
1404345600,653.76,656.21,638.79,644.37,5175.23517952
1404432000,642.69,650.48,616.30,633.97,8461.71058913
1404518400,633.97,639.31,623.23,629.99,2295.70490034
1404604800,629.99,639.00,622.86,637.20,3234.02619108
1404691200,637.25,637.80,612.90,627.00,7072.61488234
1404777600,627.00,627.00,616.89,624.95,2744.97089241
1404864000,624.13,626.88,618.71,624.48,2314.57518692
1404950400,624.46,624.62,607.90,617.60,6259.95346312
1405036800,617.60,635.00,613.46,634.91,6144.27724950
1405123200,634.91,642.57,628.70,634.07,3949.28873799
1405209600,632.88,638.73,626.22,629.92,4061.71123780
1405296000,629.99,632.00,617.70,623.99,3506.68569837
1405382400,623.96,624.99,616.09,624.98,3475.17582166
1405468800,622.51,626.25,611.13,620.00,4357.15608243
1405555200,620.00,629.00,610.00,625.40,6273.66494289
1405641600,625.39,632.70,618.46,625.55,4689.85603433
1405728000,625.50,632.96,624.47,631.96,2324.97926095
1405814400,631.82,632.00,620.00,625.00,1490.59513038
1405900800,625.00,628.00,615.00,621.99,3923.62316752
1405987200,619.88,624.99,618.91,622.15,3196.07242792
1406073600,622.14,623.00,615.51,618.32,3861.54907022
1406160000,619.90,622.67,591.12,598.99,9843.91101910
1406246400,598.98,609.65,592.97,600.11,5087.18790029
1406332800,602.22,603.00,590.00,596.12,4019.23985417
1406419200,596.12,602.83,589.00,595.28,3908.73366137
1406505600,595.28,596.00,570.50,590.52,10001.48685420
1406592000,590.70,594.00,578.00,585.00,4393.28875045
1406678400,585.00,586.00,567.10,567.10,7521.93067880
1406764800,567.10,590.00,555.90,588.50,12087.52800145
1406851200,588.98,607.20,581.77,598.99,11708.81860288
1406937600,598.50,601.88,584.95,593.65,4283.45591231
1407024000,593.63,593.99,578.21,586.15,2788.52503629
1407110400,588.68,595.70,581.80,587.92,5248.96215699
1407196800,586.11,589.00,579.00,580.30,6356.01743965
1407283200,580.21,586.36,576.44,582.04,7908.49893515
1407369600,582.03,589.98,578.03,589.98,3885.85395041
1407456000,589.98,595.00,583.93,591.25,4964.62565602
1407542400,588.62,592.67,585.21,587.44,1889.76315569
1407628800,589.22,597.00,586.00,587.50,3022.83805143
1407715200,587.99,590.99,574.82,578.98,4668.56684498
1407801600,578.06,578.97,561.90,570.49,7845.07816076
1407888000,570.49,572.00,524.55,547.08,24965.55741304
1407974400,547.08,551.86,497.00,515.76,24618.01795203
1408060800,515.24,521.79,481.55,495.19,16740.39048077
1408147200,495.19,515.00,485.00,512.00,11302.61942652
1408233600,512.00,529.80,486.82,487.50,12486.97028465
1408320000,488.97,510.00,442.00,463.43,27321.67572289
1408406400,462.96,493.98,453.01,493.90,18786.97967431
1408492800,493.90,527.01,466.00,522.05,17733.06136980
1408579200,522.05,534.14,510.00,526.52,13302.06738857
1408665600,526.51,528.00,500.01,512.00,17956.02767340
1408752000,512.45,522.99,494.41,497.00,7810.21786482
1408838400,496.96,515.95,487.00,511.47,7326.36340176
1408924800,511.43,511.43,496.79,506.22,5402.98454163
1409011200,506.36,516.00,499.00,512.78,6999.73594566
1409097600,511.81,523.09,508.28,516.51,6960.61318402
1409184000,516.50,519.76,507.00,509.74,7903.11930756
1409270400,509.72,514.98,501.25,509.43,7486.79066360
1409356800,509.97,509.99,499.00,502.64,4300.69628224
1409443200,503.79,504.75,473.33,477.78,10712.77975121
1409529600,477.75,490.00,472.54,483.08,8412.41236523
1409616000,482.99,484.61,470.42,477.00,7571.32985989
1409702400,478.87,482.16,471.00,474.63,5177.72910465
1409788800,474.93,497.00,471.04,486.30,10519.47017671
1409875200,486.29,492.99,477.75,480.54,5456.18231229
1409961600,480.54,485.00,473.03,482.90,2988.65169436
1410048000,483.11,484.97,478.00,479.78,2973.29700195
1410134400,479.77,479.77,456.30,469.73,14487.72501423
1410220800,469.79,472.58,459.18,469.56,8210.02968355
1410307200,467.82,492.00,466.58,483.00,11401.76771957
1410393600,482.71,490.00,465.00,474.17,8904.42713183
1410480000,474.13,478.00,462.00,471.55,6567.96769312
1410566400,471.55,480.10,467.43,479.76,5881.08780480
1410652800,478.87,481.58,474.00,477.35,3800.91817724
1410739200,477.34,479.62,470.00,474.61,5264.74120412
1410825600,475.46,476.64,464.00,465.89,6591.39757113
1410912000,465.90,466.00,446.50,447.93,11029.40180860
1410998400,447.93,453.94,407.94,418.93,18100.44716165
1411084800,419.85,436.85,378.78,400.00,32755.59602359
1411171200,399.50,431.11,390.00,408.19,21579.25355249
1411257600,408.19,414.45,395.28,404.62,11196.99029810
1411344000,404.56,409.38,390.00,402.40,12711.58263291
1411430400,403.31,450.00,393.60,437.71,22357.71637127
1411516800,438.00,452.67,418.83,429.63,19912.72981405
1411603200,429.63,430.00,400.00,409.66,14888.64536698
1411689600,409.69,414.35,396.53,405.60,10406.57355177
1411776000,405.94,409.48,396.99,400.80,5752.37049753
1411862400,400.77,403.99,376.56,381.91,11445.15084837
1411948800,381.37,386.03,365.20,374.83,20651.05238120
1412035200,376.70,393.80,366.00,392.64,16006.15701388
1412121600,392.83,397.75,377.01,385.12,14912.43395116
1412208000,385.13,386.47,373.00,377.30,9457.84613364
1412294400,377.34,378.78,357.00,361.90,17577.86068592
1412380800,361.87,365.07,325.67,328.00,26917.01396669
1412467200,327.49,339.43,275.00,321.63,55803.39901781
1412553600,318.01,347.00,295.89,330.25,79712.11416377
1412640000,330.24,336.99,312.37,329.28,23648.17744471
1412726400,329.28,354.18,326.93,346.71,26693.80149677
1412812800,346.71,395.55,346.70,373.98,40468.59186710
1412899200,373.98,380.08,349.00,358.54,30633.65290339
1412985600,358.54,368.06,352.10,363.89,9720.30526078
1413072000,363.00,378.33,354.71,375.01,12506.15736649
1413158400,375.02,388.00,368.07,384.00,19528.77317117
1413244800,383.99,417.99,382.00,412.41,30975.36452713
1413331200,411.48,412.47,385.92,391.53,20705.42859053
1413417600,391.52,399.00,371.00,372.40,20129.72548052
1413504000,372.40,394.13,370.10,378.50,13986.06521987
1413590400,379.23,395.00,377.00,391.51,7658.93089042
1413676800,391.53,397.29,385.00,388.90,3654.78141803
1413763200,387.66,391.78,376.20,383.14,10728.94682261
1413849600,383.16,393.55,378.01,386.43,8672.92452172
1413936000,386.44,389.39,380.00,384.92,8441.32281222
1414022400,384.90,385.35,358.00,361.75,18345.11080936
1414108800,361.71,363.71,344.34,359.47,18518.77136243
1414195200,359.47,360.00,341.22,348.09,10932.87405123
1414281600,348.07,363.00,344.50,354.38,8158.38072041
1414368000,354.38,358.65,349.21,354.73,7696.18617224
1414454400,355.26,359.50,349.35,354.54,8416.15247690
1414540800,355.69,357.46,337.74,341.67,11585.33898900
1414627200,341.99,352.83,332.99,346.98,14020.46211080
1414713600,346.95,351.88,335.50,341.82,9688.54736164
1414800000,341.82,343.32,319.88,322.97,13036.69737626
1414886400,322.96,329.00,316.61,326.65,9933.73948677
1414972800,326.59,333.99,322.00,328.14,10654.77582025
1415059200,328.09,332.90,320.00,330.58,13796.64768039
1415145600,330.54,344.00,326.04,341.90,14988.09654341
1415232000,341.84,351.22,336.27,346.98,12674.13136080
1415318400,347.21,353.10,340.40,342.00,10309.00382404
1415404800,342.00,346.68,340.60,344.11,3257.09832313
1415491200,345.53,360.00,341.99,355.71,8882.62682074
1415577600,356.82,377.77,355.98,374.32,18490.31910073
1415664000,374.30,374.32,360.28,365.09,10111.57003873
1415750400,365.09,434.80,364.18,419.06,36392.25428844
1415836800,419.05,453.92,381.55,383.55,47541.17519360
1415923200,383.56,425.00,382.95,397.50,31116.29358685
1416009600,398.63,407.22,369.00,374.87,13532.43494451
1416096000,374.86,395.00,372.05,384.72,10770.38389910
1416182400,384.79,415.00,375.00,380.60,23283.21784810
1416268800,382.59,394.64,371.01,378.34,15127.55715994
1416355200,379.86,386.39,371.00,377.55,10892.39595882
1416441600,377.53,381.80,351.80,361.20,15579.28440281
1416528000,360.73,362.00,342.05,357.02,15756.74712855
1416614400,357.03,365.93,350.00,358.22,6845.33144001
1416700800,358.19,364.80,352.73,363.56,5257.56039555
1416787200,363.54,388.64,361.70,382.01,17019.50347065
1416873600,381.84,395.11,372.91,379.48,19529.95746337
1416960000,378.25,381.70,364.13,367.92,12844.95282762
1417046400,367.91,375.33,363.38,371.25,8015.95372198
1417132800,371.24,379.29,358.00,375.26,10916.33476900
1417219200,375.40,386.60,372.15,377.16,9653.46451731
1417305600,377.16,381.99,373.37,376.43,3634.92095390
1417392000,376.43,382.31,373.03,377.00,6303.38400925
1417478400,377.00,382.86,375.23,380.00,6475.45087523
1417564800,380.24,383.00,374.23,379.38,8229.76417290
1417651200,379.08,380.89,360.00,372.02,12168.18895805
1417737600,371.41,374.20,363.99,373.97,7701.59301529
1417824000,373.96,377.89,371.31,374.36,4508.77492041
1417910400,374.34,377.50,373.05,376.02,2390.04957299
1417996800,375.98,377.50,365.25,366.99,8541.01545927
1418083200,367.00,369.00,343.97,352.53,22296.14061537
1418169600,352.31,354.00,347.50,349.99,6012.48837156
1418256000,349.97,364.43,339.80,357.00,15930.86147584
1418342400,356.90,358.07,347.01,356.51,7911.90210666
1418428800,356.51,358.59,347.03,348.63,5829.81635352
1418515200,348.63,354.60,347.44,353.87,4180.00920986
1418601600,353.87,359.30,350.35,351.86,7926.52438455
1418688000,351.80,352.00,333.97,335.47,17463.50726946
1418774400,336.28,336.99,315.23,317.36,22472.81093459
1418860800,317.33,327.00,304.99,317.11,22759.30518336
1418947200,317.06,318.01,307.11,315.71,15753.44820368
1419033600,315.92,329.30,312.67,325.34,12789.13423440
1419120000,325.72,333.00,318.78,327.92,6413.41645051
1419206400,327.50,333.95,319.90,332.18,12025.72812286
1419292800,332.19,336.99,327.49,336.30,7876.91076369
1419379200,336.33,338.99,325.25,325.70,6222.75946947
1419465600,325.66,325.66,316.63,318.38,4775.90832842
1419552000,318.69,331.99,316.64,329.24,4849.73652173
1419638400,329.23,332.00,311.63,314.00,8817.59752124
1419724800,313.90,319.56,311.22,317.66,5257.42593527
1419811200,317.13,320.14,311.61,312.70,5317.38719373
1419897600,312.70,316.77,310.00,314.00,7673.20291697
1419984000,314.00,319.50,310.00,316.67,7567.61461531
1420070400,316.67,321.00,312.60,315.38,4791.69527297
1420156800,315.39,317.01,311.96,315.95,3195.62096715
1420243200,315.95,316.83,297.00,300.00,12244.15239054
1420329600,299.67,300.54,255.00,267.46,44672.64888604
1420416000,267.45,280.00,256.88,276.80,16629.28405287
1420502400,276.80,276.80,276.80,276.80,0.00000000
1420588800,276.80,276.80,276.80,276.80,0.00000000
1420675200,276.80,276.80,276.80,276.80,0.00000000
1420761600,276.80,276.80,276.80,276.80,0.00000000
1420848000,276.80,305.00,271.03,278.86,36858.98591670
1420934400,278.86,280.94,270.70,271.00,10520.98430835
1421020800,271.00,272.39,262.08,270.97,12942.80666205
1421107200,270.98,272.43,216.00,232.55,47094.80347081
1421193600,232.54,239.09,152.40,180.79,115814.46241602
1421280000,181.48,233.90,161.10,218.83,89350.93392063
1421366400,218.81,223.15,192.00,206.60,47898.60553686
1421452800,206.84,212.84,192.17,198.56,21882.53169720
1421539200,198.56,222.00,195.02,209.34,17653.65114987
1421625600,209.33,220.94,207.70,212.28,12593.86236883
1421712000,212.27,219.00,201.98,211.78,15778.39137649
1421798400,211.78,218.00,205.00,214.53,14106.11703234
1421884800,214.97,239.00,213.79,233.87,33242.66930495
1421971200,233.83,240.00,225.55,232.90,15348.62687902
1422057600,232.45,249.49,230.00,244.77,14463.44648818
1422144000,244.66,255.00,241.33,247.91,24221.95811475
1422230400,248.26,309.90,246.00,262.98,59002.59367878
1422316800,263.47,278.51,243.10,265.59,22733.92298974
1422403200,265.59,266.50,233.00,239.01,19677.65120057
1422489600,239.00,243.85,220.00,235.45,30597.35635113
1422576000,235.27,244.98,227.26,231.60,22805.82376581
1422662400,231.60,234.80,225.52,230.59,14230.44236300
1422748800,230.58,230.98,208.48,224.00,19692.95197701
1422835200,224.00,233.00,221.79,226.10,16873.68767157
1422921600,226.75,244.39,225.73,233.57,17508.22775175
1423008000,232.37,232.72,220.02,224.83,17963.52544257
1423094400,224.87,231.00,210.43,216.25,14090.75100924
1423180800,216.95,225.86,210.59,223.01,10804.94368356
1423267200,223.01,231.14,220.34,227.95,7837.55119673
1423353600,227.95,232.89,217.28,222.49,16416.19667884
1423440000,222.49,225.99,215.00,219.80,15846.47776221
1423526400,219.71,223.00,215.00,220.11,9492.62276202
1423612800,220.48,223.43,218.00,222.78,11440.25412050
1423699200,222.78,223.00,217.99,222.54,6440.23435457
1423785600,222.54,242.35,220.78,236.99,21187.38819203
1423872000,236.98,251.70,235.10,246.57,15075.03135627
1423958400,246.50,267.92,238.63,243.97,29186.19785429
1424044800,243.97,244.14,227.75,237.38,17141.04523293
1424131200,237.72,248.78,232.01,245.13,12548.29267720
1424217600,243.99,247.00,232.01,234.97,13672.28507563
1424304000,234.97,243.42,232.24,242.03,7625.26547552
1424390400,242.17,249.32,239.13,243.97,11346.92504941
1424476800,243.97,247.80,242.13,244.07,3785.29892254
1424563200,244.52,247.42,232.48,234.15,6983.87067982
1424649600,234.15,238.35,232.05,237.45,5415.54718843
1424736000,237.49,241.00,236.07,240.18,6197.82899075
1424822400,240.01,240.98,236.00,238.89,3953.28402699
1424908800,238.89,238.99,234.01,237.65,5448.59444162
1424995200,237.65,256.02,235.54,254.54,20675.59648707
1425081600,254.54,256.15,245.20,252.00,7059.09349519
1425168000,252.00,254.56,245.00,247.87,4461.22412761
1425254400,247.87,266.80,245.68,264.96,16066.28060603
1425340800,264.96,280.00,264.81,279.00,24083.49752500
1425427200,279.00,284.95,269.77,279.38,13519.47714215
1425513600,279.94,280.60,262.20,268.44,12103.07121536
1425600000,268.44,280.50,262.70,272.12,10400.72994334
1425686400,271.64,279.00,270.00,276.46,5167.55996218
1425772800,276.90,279.48,271.12,274.75,5322.73339041
1425859200,274.75,287.63,273.83,287.63,10596.76827615
1425945600,287.62,296.80,283.54,293.00,14287.77105473
1426032000,292.97,294.83,285.83,294.50,6529.70287758
1426118400,294.50,297.95,289.00,297.22,7799.69929736
1426204800,296.70,297.28,282.99,288.15,9715.30412346
1426291200,287.79,289.28,280.46,283.43,6126.23829581
1426377600,283.61,286.00,281.40,285.87,2116.53791064
1426464000,285.87,294.26,285.20,289.00,6710.74281140
1426550400,288.84,292.99,286.10,288.26,5685.61898913
1426636800,288.28,288.42,261.75,265.58,15381.29466235
1426723200,265.58,266.21,249.00,254.93,20231.37196878
1426809600,253.88,265.27,252.87,262.97,7526.86727405
1426896000,262.97,263.37,256.25,260.00,4787.06118998
1426982400,259.60,269.37,258.30,268.25,4016.04087218
1427068800,268.03,272.00,259.50,262.18,9562.16025689
1427155200,262.18,267.99,241.84,247.41,17787.05649056
1427241600,246.89,251.91,236.40,244.10,14966.64837301
1427328000,243.82,253.75,243.69,253.00,8056.22774581
1427414400,253.00,253.00,245.12,248.56,6166.13531825
1427500800,248.56,253.83,247.17,251.19,6093.25178742
1427587200,251.19,253.11,240.22,244.20,5375.05500645
1427673600,244.19,248.22,236.52,247.85,8683.70221474
1427760000,247.85,248.86,238.55,242.92,8058.75848984
1427846400,242.92,246.70,239.32,245.00,6594.98902377
1427932800,244.99,256.96,244.52,253.64,9557.36661719
1428019200,253.64,256.67,250.90,254.07,5547.60426015
1428105600,254.07,255.85,250.76,252.50,3079.97402642
1428192000,252.50,260.02,251.65,256.98,4608.84956772
1428278400,256.97,262.98,254.65,255.00,6440.46107605
1428364800,255.11,257.01,251.50,255.52,6203.97839862
1428451200,255.51,255.52,243.15,243.89,11070.80775086
1428537600,243.90,246.90,238.47,242.39,8756.90694734
1428624000,242.99,243.94,231.00,235.00,11487.43943796
1428710400,235.29,239.42,233.00,236.21,4390.94672392
1428796800,236.19,237.50,233.42,236.31,2915.25440515
1428883200,236.31,236.90,221.00,224.97,11789.48267873
1428969600,225.13,225.42,210.00,216.97,18659.05956352
1429056000,216.97,222.43,213.00,219.83,10831.34308943
1429142400,219.68,229.67,218.50,228.52,11112.40490068
1429228800,228.49,229.17,220.00,223.94,8468.08824021
1429315200,223.88,224.38,220.32,222.93,4834.04449920
1429401600,223.07,227.35,222.71,223.26,5852.05244291
1429488000,223.29,226.51,221.43,224.27,5723.16268533
1429574400,224.27,226.42,223.00,226.33,5541.91625956
1429660800,226.33,238.64,226.33,237.19,12935.62638472
1429747200,237.19,237.21,229.10,234.90,10776.62116510
1429833600,234.91,236.00,228.00,231.55,7849.52818372
1429920000,231.52,232.29,225.70,228.12,6052.60791546
1430006400,228.12,228.45,214.98,218.01,10380.49045351
1430092800,218.01,225.08,217.52,221.54,11470.02142791
1430179200,221.52,229.93,220.70,225.12,12196.94711370
1430265600,225.10,226.35,221.81,226.07,8527.57261475
1430352000,226.07,237.16,224.60,236.76,11059.04899413
1430438400,236.69,240.00,232.57,234.17,8103.39547624
1430524800,234.17,235.15,229.87,234.75,5109.24986643
1430611200,234.60,242.25,232.31,240.74,4373.33802825
1430697600,240.70,242.20,236.10,237.01,6771.79143590
1430784000,237.01,238.99,229.66,233.68,9058.59350700
1430870400,233.74,235.98,232.26,234.41,6474.73728853
1430956800,233.67,240.00,227.01,236.82,12259.16334267
1431043200,236.81,246.57,235.29,245.00,10109.42227100
1431129600,245.03,247.01,238.62,241.37,6092.56349507
1431216000,241.37,244.99,238.02,239.96,3518.87358031
1431302400,239.96,244.51,237.99,242.36,8784.88118965
1431388800,242.01,242.94,237.54,241.94,9063.34768057
1431475200,241.68,244.10,240.01,243.44,6133.86201127
1431561600,243.48,244.14,235.06,237.50,9059.07586062
1431648000,237.26,239.28,232.22,237.40,6176.06733583
1431734400,237.40,237.40,235.01,235.57,3233.99746739
1431820800,235.71,237.00,234.00,236.55,3021.46505495
1431907200,236.55,236.94,233.40,235.96,6059.95758000
1431993600,236.04,236.04,231.13,233.05,6177.41753362
1432080000,233.05,234.86,230.86,233.77,8030.87945439
1432166400,233.85,236.52,233.01,235.36,5042.95215664
1432252800,235.71,240.90,232.92,239.80,8679.64823440
1432339200,239.80,240.67,236.00,238.55,5261.03763096
1432425600,238.55,241.64,237.66,240.79,2639.55565675
1432512000,240.72,240.88,233.10,235.56,5052.33282271
1432598400,235.50,237.96,234.00,236.19,8087.45377481
1432684800,236.19,237.35,234.00,235.42,9088.26236721
1432771200,235.43,236.76,234.87,236.07,4779.95520201
1432857600,236.40,236.80,234.00,236.00,6686.80562577
1432944000,236.00,236.21,231.00,231.06,4715.66675296
1433030400,231.38,232.51,229.99,231.52,3666.54816175
1433116800,231.50,231.54,221.00,222.64,11438.97333145
1433203200,222.59,226.38,220.65,225.42,9069.90858544
1433289600,225.16,226.99,222.57,226.89,5392.40728395
1433376000,226.90,226.98,223.50,224.90,4524.21201787
1433462400,224.90,225.90,219.03,224.82,8946.09114514
1433548800,224.95,225.26,223.07,224.79,2888.19112376
1433635200,224.80,225.48,221.86,222.50,3402.55872542
1433721600,222.29,229.20,222.03,229.20,8252.80665496
1433808000,229.20,230.79,226.67,229.02,9082.33167357
1433894400,229.02,229.88,226.83,228.31,6656.44875672
1433980800,228.30,229.57,226.95,228.49,5087.59718588
1434067200,228.70,230.70,228.01,229.66,5355.48780499
1434153600,229.66,230.50,228.06,230.48,3124.21894897
1434240000,230.48,234.00,230.35,232.10,5059.76833758
1434326400,232.01,237.09,231.00,236.89,9616.45583268
1434412800,236.83,252.05,234.35,246.10,17234.63109380
1434499200,245.90,257.39,243.51,251.00,16863.58427724
1434585600,250.91,251.58,240.00,247.91,12017.11356544
1434672000,247.99,249.93,244.15,245.00,5962.38167263
1434758400,245.00,246.24,239.93,244.62,5989.17100928
1434844800,244.60,245.00,241.06,242.00,2036.98493393
1434931200,241.90,246.92,241.64,245.95,4811.00271839
1435017600,246.19,247.99,242.14,244.67,4979.22225265
1435104000,244.67,245.19,238.20,241.43,6907.70555382
1435190400,241.43,242.90,239.18,241.57,4934.41736728
1435276800,241.64,242.24,240.00,241.25,4010.11087500
1435363200,241.25,249.62,240.50,247.70,6875.28181700
1435449600,247.90,252.00,247.10,247.34,7571.24412712
1435536000,247.33,256.94,247.04,254.36,14133.42442689
1435622400,254.36,268.00,254.00,261.78,20046.24587014
1435708800,261.70,265.25,253.81,258.55,13441.65151580
1435795200,258.55,260.77,253.19,254.97,10440.75919538
1435881600,254.99,256.43,252.40,255.37,9041.71431608
1435968000,255.45,258.99,254.05,257.16,6711.38803320
1436054400,257.16,274.74,257.07,269.95,19569.06958362
1436140800,269.94,278.54,267.13,275.00,21057.86433340
1436227200,275.04,275.60,264.41,266.52,13926.53382135
1436313600,266.52,273.24,263.01,269.51,17194.02065006
1436400000,269.69,271.98,265.92,268.50,14753.55727358
1436486400,268.50,294.71,268.11,293.12,26142.07186044
1436572800,293.12,298.05,283.85,294.00,13925.89916806
1436659200,294.00,317.99,291.64,308.93,22205.41278820
1436745600,308.52,311.64,281.00,288.04,29454.48899719
1436832000,288.04,297.13,286.02,290.10,10905.43956185
1436918400,290.14,293.70,287.15,291.30,7711.25440079
1437004800,291.30,292.40,274.92,276.80,22533.50445767
1437091200,276.80,280.32,272.31,279.50,12262.78551496
1437177600,279.50,283.00,276.76,277.07,10543.14434321
1437264000,277.07,278.10,275.18,275.83,4543.23323266
1437350400,275.83,279.16,274.62,278.64,9149.13625333
1437436800,278.13,281.07,277.33,279.80,7735.98884146
1437523200,279.80,279.80,275.00,276.12,9104.72211308
1437609600,276.12,278.55,275.79,277.18,7014.93912761
1437696000,277.17,288.97,275.90,288.77,13997.36054675
1437782400,288.74,292.00,286.50,288.49,9244.05555059
1437868800,288.49,294.00,287.36,291.28,5393.78193152
1437955200,291.34,295.69,286.43,295.16,12281.48947390
1438041600,295.11,297.44,292.19,293.99,10896.06085512
1438128000,293.99,295.14,287.27,291.15,10321.56411906
1438214400,291.37,292.00,284.53,287.40,8253.12768329
1438300800,286.97,289.00,281.80,286.11,8031.39295604
1438387200,286.11,286.11,276.66,281.28,7210.47719471
1438473600,281.28,282.07,276.57,281.99,4605.97752831
1438560000,281.82,285.80,279.52,283.76,6036.85660679
1438646400,284.15,285.88,280.26,284.76,6236.58063070
1438732800,284.76,285.86,280.63,282.16,6559.25122773
1438819200,282.08,282.80,276.80,277.83,6714.38355648
1438905600,277.83,280.43,274.19,279.89,9230.85490445
1438992000,279.78,279.97,266.80,269.87,8666.00275643
1439078400,269.69,269.69,260.41,262.85,10165.34815027
1439164800,262.92,266.79,261.60,264.06,9506.69005434
1439251200,264.45,266.99,263.07,265.90,7708.64137382
1439337600,265.90,271.50,265.44,269.03,10125.91337027
1439424000,269.03,270.41,262.32,265.44,11130.16774938
1439510400,265.44,266.99,262.00,266.50,8381.12138650
1439596800,266.58,266.97,263.34,263.34,4592.50779881
1439683200,264.54,264.63,255.00,256.00,9726.29510867
1439769600,255.99,259.12,254.01,258.13,8191.75451029
1439856000,258.13,258.27,252.26,252.39,9171.55535232
1439942400,252.32,252.61,221.11,232.17,25771.91228553
1440028800,232.18,236.66,222.01,235.83,21237.71821240
1440115200,235.83,236.66,231.77,233.81,9102.86555527
1440201600,233.81,235.20,223.01,226.34,16438.07223106
1440288000,225.89,234.03,225.79,227.81,14124.87431115
1440374400,227.82,228.99,207.73,216.24,29574.27323974
1440460800,216.31,226.00,198.12,224.47,42752.38412087
1440547200,224.36,231.09,218.60,227.63,30792.73960893
1440633600,227.46,228.89,223.17,227.16,13745.54809218
1440720000,227.18,235.93,220.29,233.15,22782.60652009
1440806400,233.15,234.64,226.67,228.40,15914.92213525
1440892800,228.40,232.75,225.04,227.80,17316.22316732
1440979200,227.69,232.49,224.39,231.57,15051.14667570
1441065600,231.34,231.81,226.17,227.31,23996.38291800
1441152000,227.31,230.77,226.00,228.40,21504.60405785
1441238400,229.19,229.96,226.50,227.08,19685.42120457
1441324800,227.08,231.40,226.33,230.84,21244.84147158
1441411200,230.84,237.22,229.23,234.73,19346.68197789
1441497600,234.73,244.20,233.87,239.99,24281.33193327
1441584000,240.02,242.91,238.44,240.17,23759.25419091
1441670400,240.16,246.24,239.58,243.76,24993.44286927
1441756800,243.76,244.55,237.01,240.26,22406.48980050
1441843200,240.11,241.65,234.78,238.90,21106.12663852
1441929600,239.14,240.94,237.10,239.45,13932.87182481
1442016000,239.45,240.02,233.02,234.66,16804.44993147
1442102400,234.23,236.22,228.00,229.83,15579.07134929
1442188800,230.05,232.92,223.99,231.48,21328.99799743
1442275200,231.48,231.48,226.50,229.10,17964.02165690
1442361600,229.38,230.50,223.00,227.55,17402.97114460
1442448000,227.54,235.00,226.58,233.08,14795.95073321
1442534400,233.08,234.40,230.83,233.62,17442.27529849
1442620800,233.40,233.91,230.01,231.10,14249.80644760
1442707200,231.10,231.70,229.11,229.16,13127.72193899
1442793600,229.15,230.49,225.00,226.90,12558.04402883
1442880000,227.32,231.96,223.12,230.48,19949.07849890
1442966400,230.20,231.50,228.13,230.46,12962.11960667
1443052800,230.46,235.52,228.00,235.31,24302.07926240
1443139200,235.05,237.25,232.00,235.44,23251.87426021
1443225600,235.30,235.81,233.00,234.05,15126.81723292
1443312000,234.05,234.98,231.52,232.62,13986.81657451
1443398400,232.62,239.68,231.16,238.31,19999.19099564
1443484800,238.31,240.56,235.09,237.50,20678.68853389
1443571200,237.50,238.27,234.67,237.33,21718.55838059
1443657600,237.33,239.44,235.01,238.30,18216.84350730
1443744000,238.30,239.12,235.00,237.68,19402.54936089
1443830400,237.46,239.69,236.30,239.34,18064.01054483
1443916800,239.34,239.98,238.12,238.47,14370.52318788
1444003200,238.50,239.73,236.10,239.24,18310.04301480
1444089600,239.37,248.19,239.22,246.71,28530.08812643
1444176000,246.81,247.65,242.30,245.28,22594.07293857
1444262400,245.28,245.55,242.06,244.16,14909.42387283
1444348800,244.14,244.95,242.16,244.48,14776.73491550
1444435200,244.48,246.43,243.00,245.27,17583.02479141
1444521600,245.27,248.33,244.53,247.75,7947.80713950
1444608000,247.75,248.50,245.01,246.53,21149.11795794
1444694400,246.46,250.89,242.82,250.25,25745.09603319
1444780800,250.25,255.93,248.06,253.79,26887.51758341
1444867200,254.21,256.50,250.30,254.43,22523.40272732
1444953600,254.43,267.00,253.60,265.93,29022.75650429
1445040000,265.40,273.00,259.31,264.62,29843.57061155
1445126400,264.62,271.17,260.00,263.40,10825.45735154
1445212800,263.40,266.01,259.82,263.82,16144.39947710
1445299200,263.52,272.95,262.67,270.88,27353.95854311
1445385600,271.09,272.69,264.00,269.04,23595.93575280
1445472000,269.04,280.04,267.26,273.14,24184.64188364
1445558400,273.73,280.19,273.01,278.38,26026.68553539
1445644800,277.92,281.60,276.21,279.97,18771.92638753
1445731200,279.96,296.00,279.08,293.99,28018.26207203
1445817600,293.99,293.99,279.25,283.87,24939.84341904
1445904000,283.78,300.00,283.61,296.10,33052.73859842
1445990400,296.69,308.48,291.00,300.75,31113.22215526
1446076800,300.75,319.60,299.28,311.97,32579.43316026
1446163200,311.97,334.05,311.96,327.05,37652.47418242
1446249600,327.08,334.67,302.99,311.64,29720.97583984
1446336000,311.62,321.69,303.01,313.99,11918.30345307
1446422400,313.99,343.42,312.58,342.54,25501.17337357
1446508800,343.40,417.08,342.54,417.00,76952.78107203
1446595200,417.00,502.00,372.53,475.50,100714.05054385
1446681600,471.40,480.00,364.37,404.46,80972.91950993
1446768000,404.48,417.38,353.26,380.11,48766.11709502
1446854400,380.11,392.82,362.64,388.00,32734.35226146
1446940800,388.00,390.47,371.10,381.02,24726.16696745
1447027200,381.37,386.79,360.54,379.99,26191.79775173
1447113600,380.00,382.00,351.25,351.90,35771.98983513
1447200000,352.00,355.49,300.30,308.65,60189.31696246
1447286400,308.85,344.78,294.00,324.03,39849.94423398
1447372800,324.03,342.00,323.42,332.11,25615.32095160
1447459200,331.52,340.00,328.00,332.72,21454.74605539
1447545600,332.73,356.10,314.60,321.14,22324.23214743
1447632000,322.00,332.20,315.00,330.77,29533.81579202
1447718400,331.06,350.44,327.00,336.50,32723.51698551
1447804800,336.50,338.80,330.28,333.49,28182.47924030
1447891200,333.50,337.89,325.88,329.00,27146.66262269
1447977600,329.00,329.24,310.00,319.06,21785.08799546
1448064000,319.24,328.94,318.13,325.18,6203.75667839
1448150400,325.70,326.60,320.13,322.96,4001.27182255
1448236800,322.96,326.09,320.39,323.98,4679.22516940
1448323200,323.98,324.58,317.00,321.68,7829.41513767
1448409600,321.68,326.49,316.00,325.72,11044.64152530
1448496000,325.72,369.70,324.18,350.03,35034.55697184
1448582400,350.03,364.80,341.65,359.86,15635.77075759
1448668800,359.37,360.77,350.41,356.66,7005.26437895
1448755200,356.50,365.00,354.16,362.30,4612.72253498
1448841600,362.30,383.00,362.01,374.19,17624.75505158
1448928000,374.19,380.00,354.56,362.78,19011.08608799
1449014400,362.40,364.27,348.64,358.62,11551.43750417
1449100800,358.62,370.53,356.21,364.07,12374.01612412
1449187200,364.07,364.07,355.92,361.37,9833.04725144
1449273600,361.29,383.12,360.46,377.50,13441.46819983
1449360000,377.50,399.85,375.98,391.62,17510.54956132
1449446400,392.10,399.91,381.01,395.58,14015.26248274
1449532800,395.58,397.99,388.33,395.38,9050.29373538
1449619200,395.38,424.95,393.76,411.99,24535.34878715
1449705600,412.15,419.79,408.91,415.60,9151.35339599
1449792000,415.60,444.88,414.03,443.36,19493.77621586
1449878400,443.32,467.80,403.00,424.69,38424.03508966
1449964800,424.69,442.97,422.03,438.83,9507.02965435
1450051200,438.86,448.12,428.42,444.78,13567.18973969
1450137600,444.60,464.99,437.68,458.68,19305.56786178
1450224000,458.71,465.00,436.89,454.87,22852.64498850
1450310400,454.87,458.84,445.22,454.13,9520.92196465
1450396800,453.18,466.64,451.64,458.21,11090.55157272
1450483200,458.61,465.90,452.03,459.73,8852.98627916
1450569600,459.99,462.00,433.83,441.28,14621.49496311
1450656000,441.27,450.00,425.52,435.00,19188.74060311
1450742400,434.31,443.58,433.00,433.53,8199.20799725
1450828800,433.53,443.50,433.06,443.16,7807.92775887
1450915200,443.49,459.54,441.11,453.38,10709.29419467
1451001600,453.10,458.33,448.00,455.23,3580.17975900
1451088000,455.23,457.45,407.25,415.58,24039.62960318
1451174400,413.85,425.42,410.00,419.35,9022.18891869
1451260800,419.49,429.86,419.27,423.74,6410.72579210
1451347200,423.71,433.17,417.01,430.00,9325.34346301
1451433600,429.50,434.97,420.75,426.88,10127.58622775
1451520000,427.90,432.00,419.99,431.28,6528.23742370
1451606400,430.91,436.00,427.20,432.02,3894.61872530
1451692800,432.02,435.99,430.42,433.47,3190.45302954
1451779200,433.68,434.20,424.32,426.99,3929.92611337
1451865600,427.00,435.35,424.06,433.15,5057.11928764
1451952000,432.53,435.86,429.50,432.31,5179.44519201
1452038400,432.30,432.67,426.54,430.50,5253.19352527
1452124800,430.50,456.75,429.11,456.75,14883.52109759
1452211200,456.75,465.00,444.51,450.00,12002.73060748
1452297600,450.50,454.00,446.68,450.15,4453.46849327
1452384000,450.15,452.99,440.80,446.85,4250.97655224
1452470400,446.86,451.13,438.00,447.95,7657.38475248
1452556800,447.95,449.00,442.88,446.63,4453.07995368
1452643200,446.62,447.34,424.50,429.50,12550.63790761
1452729600,429.50,434.00,427.00,432.00,4263.63890098
1452816000,432.00,432.10,381.35,390.82,29813.14970071
1452902400,391.39,392.60,352.00,374.59,26459.73596479
1452988800,374.60,392.07,373.68,386.08,13748.64637322
1453075200,386.08,388.50,373.63,385.48,7870.40739274
1453161600,385.18,386.92,377.15,379.24,6332.28521437
1453248000,379.16,415.00,372.53,408.57,22055.62278423
1453334400,407.02,422.98,405.03,408.10,12917.49639149
1453420800,408.17,413.08,380.01,383.70,12272.82458635
1453507200,383.71,395.00,374.45,388.71,10418.44668068
1453593600,388.16,405.55,382.88,403.72,5524.95188154
1453680000,403.72,405.97,385.50,389.89,8054.25820381
1453766400,389.62,397.70,388.00,393.48,5723.41873140
1453852800,393.45,397.00,386.20,394.43,5523.40235912
1453939200,393.46,396.12,376.00,382.45,11044.49477214
1454025600,382.15,383.99,363.73,376.47,12497.15973542
1454112000,376.47,380.42,372.00,377.71,3908.29851131
1454198400,377.60,380.37,372.72,375.98,3187.25293265
1454284800,375.19,378.20,364.70,371.91,7743.79745004
1454371200,371.90,375.00,369.06,373.05,6275.68868779
1454457600,373.04,374.00,367.17,368.88,6353.81514874
1454544000,368.88,389.99,365.00,383.47,10820.52943774
1454630400,383.47,391.88,383.42,386.70,10560.49596668
1454716800,386.70,387.31,371.35,375.52,6026.00840570
1454803200,375.52,380.00,373.23,374.48,3021.02163920
1454889600,374.31,378.99,373.04,375.36,4690.68614225
1454976000,375.30,377.00,369.12,373.56,7821.14168642
1455062400,373.98,383.85,372.11,379.75,10043.32723769
1455148800,379.75,381.30,375.00,375.97,6107.52822972
1455235200,376.10,383.00,373.54,382.00,6886.37562884
1455321600,382.00,389.75,380.52,389.60,7501.14238133
1455408000,389.17,403.58,388.12,399.80,8874.54333546
1455494400,399.80,409.71,396.00,401.91,8821.19644852
1455580800,400.61,407.80,393.40,406.34,8465.29432869
1455667200,406.36,421.11,403.96,420.90,10564.70294772
1455753600,420.41,424.90,412.02,418.00,9166.17451551
1455840000,418.00,422.00,414.00,417.38,5905.65996823
1455926400,417.38,443.96,417.38,443.40,9536.91764351
1456012800,443.34,447.99,425.98,434.46,12105.52081043
1456099200,434.46,439.30,430.90,438.50,5456.60988624
1456185600,438.50,440.00,414.00,416.46,10868.41083008
1456272000,416.32,424.28,409.07,422.69,7441.18521834
1456358400,422.72,426.75,415.79,422.18,5589.69311805
1456444800,422.01,425.00,418.01,424.45,4028.78222115
1456531200,424.44,435.00,422.01,431.99,5010.25929328
1456617600,431.99,435.00,422.29,432.35,3289.02975027
1456704000,432.35,440.99,428.12,435.90,7688.48828823
1456790400,435.90,437.50,427.01,431.78,6455.30459800
1456876800,432.48,434.50,427.50,429.37,5812.64116350
1456963200,429.37,429.90,415.85,420.68,7609.18553853
1457049600,420.54,423.90,416.00,417.50,6216.50587681
1457136000,417.45,418.24,382.00,398.50,18351.33365390
1457222400,398.50,412.31,393.11,408.51,6151.79638808
1457308800,408.51,412.50,403.00,412.49,5459.70221581
1457395200,412.34,414.99,408.46,410.83,6118.78438948
1457481600,410.55,413.51,408.75,412.99,5008.05552848
1457568000,412.99,416.90,409.31,415.99,5321.14783828
1457654400,415.99,421.91,414.70,420.95,5852.20837981
1457740800,420.81,421.00,406.59,409.09,5010.83358498
1457827200,409.18,417.00,408.93,412.69,3391.57413661
1457913600,412.69,415.22,410.50,413.89,4133.09057095
1458000000,413.89,417.43,412.15,415.98,4731.65424884
1458086400,415.98,416.40,413.15,415.98,4194.26241405
1458172800,415.99,419.00,414.50,418.88,3990.42496055
1458259200,418.67,419.00,403.34,404.02,5722.01380175
1458345600,405.10,409.95,404.00,404.93,3568.72347474
1458432000,404.96,412.00,404.92,411.26,2452.73225622
1458518400,411.29,411.96,406.50,411.37,3658.73323879
1458604800,411.35,416.24,409.65,416.00,3700.96425392
1458691200,416.00,419.00,413.44,418.67,4856.99643608
1458777600,418.74,419.00,412.85,416.49,3230.34023421
1458864000,416.49,416.88,412.00,416.00,2473.93774287
1458950400,416.00,416.99,414.00,416.10,1441.80958802
1459036800,416.00,427.99,415.15,426.00,4558.27796474
1459123200,426.00,426.40,420.58,422.09,3530.11392897
1459209600,422.07,424.37,407.22,414.00,5688.47680462
1459296000,413.90,416.20,408.59,412.99,4792.92242388
1459382400,412.99,416.98,411.40,416.43,3750.75582527
1459468800,416.52,416.99,413.42,415.59,3902.80016124
1459555200,415.78,420.00,414.42,418.89,2395.34638881
1459641600,418.46,419.44,416.10,418.21,1299.22809503
1459728000,418.21,419.73,416.00,419.66,3503.42037657
1459814400,419.66,423.00,416.61,420.83,3825.00069839
1459900800,420.83,422.90,420.11,421.74,2396.57108013
1459987200,421.74,421.99,418.21,420.00,2843.07833683
1460073600,420.74,423.99,416.26,418.51,4224.03090752
1460160000,418.05,420.69,412.00,418.00,4455.31685277
1460246400,418.00,421.73,417.02,420.66,1694.40788570
1460332800,420.66,422.19,418.00,421.74,3325.61537946
1460419200,421.95,426.67,421.00,424.12,5963.95698967
1460505600,424.01,426.18,422.94,424.41,3958.95310307
1460592000,424.41,425.20,420.57,424.95,4043.29885575
1460678400,424.95,430.00,423.07,428.31,4383.58818976
1460764800,429.25,432.87,426.88,429.81,1941.26218029
1460851200,429.81,430.98,424.24,426.69,1537.10291209
1460937600,426.69,430.01,425.00,426.64,3199.73109182
1461024000,426.64,430.64,426.24,430.00,2925.85599346
1461110400,430.00,443.47,429.71,440.78,7775.01611567
1461196800,441.61,450.00,440.00,449.99,5130.51410086
1461283200,449.99,452.11,442.96,449.00,6459.86836384
1461369600,449.71,449.71,444.46,448.33,1621.34711656
1461456000,448.33,470.02,446.04,462.49,6929.00620188
1461542400,465.05,465.06,455.13,463.10,4752.43795841
1461628800,463.10,469.87,462.13,469.31,6201.12877502
1461715200,469.32,469.47,448.30,452.96,5622.08230123
1461801600,453.65,453.65,435.00,448.92,10110.73545543
1461888000,448.92,455.00,445.62,455.00,2846.35455182
1461974400,455.00,456.90,447.27,449.02,2548.50335715
1462060800,449.46,453.52,446.50,451.98,1411.78472646
1462147200,451.98,453.80,438.59,442.25,5667.51471221
1462233600,442.18,451.30,440.78,451.30,5994.63894692
1462320000,451.30,452.00,444.15,446.70,3426.02170537
1462406400,446.64,449.42,445.11,449.27,2326.99729465
1462492800,449.29,456.06,447.03,456.00,3971.56305264
1462579200,456.25,463.97,455.95,460.04,4029.39480207
1462665600,460.04,460.37,455.95,458.10,1289.83677345
1462752000,458.10,464.79,455.62,461.00,3406.74981670
1462838400,461.00,463.00,447.38,453.14,4874.62646919
1462924800,453.21,457.99,449.70,452.93,4293.69357765
1463011200,452.95,453.93,448.88,452.81,2911.89869847
1463097600,452.81,456.65,451.52,455.75,3383.84663536
1463184000,455.74,456.99,453.51,456.47,1373.39972586
1463270400,455.90,458.08,454.72,457.42,1521.74216119
1463356800,457.31,458.00,451.11,453.59,3000.07728172
1463443200,453.58,456.09,452.09,453.42,3373.18725815
1463529600,453.42,455.68,452.00,454.02,2879.78149213
1463616000,454.02,454.89,441.94,441.94,5305.20752019
1463702400,441.94,444.63,435.03,441.35,4196.80823751
1463788800,441.35,443.44,435.28,443.21,2150.22489442
1463875200,443.21,443.98,437.20,438.82,1458.96194615
1463961600,438.94,442.90,435.00,442.03,3364.15500828
1464048000,442.06,446.37,441.00,445.70,3039.38723670
1464134400,445.70,449.60,443.58,448.21,3759.52724669
1464220800,448.21,452.50,446.80,452.33,3679.47071404
1464307200,451.62,478.16,450.81,473.96,11645.63737403
1464393600,471.94,498.00,468.00,493.00,8994.81486968
1464480000,493.07,540.00,485.00,536.95,10303.32751091
1464566400,536.89,537.00,501.00,532.89,7885.75344446
1464652800,532.89,548.50,515.00,522.72,10268.56960798
1464739200,522.72,542.87,518.00,533.76,7150.65651367
1464825600,533.76,540.00,529.13,534.01,4010.05561634
1464912000,533.08,574.85,533.01,569.79,8412.79113841
1464998400,569.79,588.71,558.54,570.41,6695.69994429
1465084800,570.41,582.00,566.00,572.02,4948.34115570
1465171200,572.02,586.02,566.32,583.99,4774.89658210
1465257600,583.99,594.44,563.00,573.62,6812.45763905
1465344000,572.50,582.77,571.86,580.21,3309.38141578
1465430400,581.70,584.25,572.97,576.80,3564.17255631
1465516800,576.68,580.00,572.00,577.90,3711.39829937
1465603200,577.48,587.09,575.44,583.70,2182.38238726
1465689600,583.55,648.88,580.87,646.89,12483.91806115
1465776000,646.89,725.00,646.22,687.31,19922.90941490
1465862400,687.37,707.02,655.00,683.04,10994.15425484
1465948800,683.03,695.77,672.12,693.85,6267.33061271
1466035200,695.49,768.47,689.80,767.78,16047.01826507
1466121600,766.50,778.70,706.37,756.00,15185.39837026
1466208000,755.95,773.30,723.02,769.07,5742.05282674
1466294400,769.20,778.85,736.03,760.00,4302.34884989
1466380800,760.00,764.00,725.00,732.73,7142.19915229
1466467200,731.04,739.98,625.00,649.98,31144.29872350
1466553600,649.46,677.63,608.03,622.40,14993.50843527
1466640000,620.22,632.67,540.17,605.74,26675.12549716
1466726400,605.62,683.88,605.00,658.44,17456.19667076
1466812800,658.44,684.45,639.40,652.74,6675.13402354
1466899200,651.58,667.49,608.64,624.95,5425.61425382
1466985600,624.96,649.98,618.03,643.54,8108.05507921
1467072000,643.54,665.51,635.50,646.17,6055.91919932
1467158400,646.18,649.14,621.09,632.91,8959.62572985
1467244800,635.84,671.22,628.06,664.01,8143.06835431
1467331200,662.60,684.10,659.71,676.00,6485.04713738
1467417600,676.00,701.76,667.83,695.02,5031.41365222
1467504000,695.00,704.99,646.29,664.78,7889.27989181
1467590400,664.78,682.35,640.10,673.55,4292.06614830
1467676800,673.55,682.36,661.57,670.79,3114.93937439
1467763200,670.79,679.00,665.01,675.64,2739.57952076
1467849600,675.73,678.43,610.01,619.08,11758.50387140
1467936000,620.14,655.00,605.50,653.97,7972.96132954
1468022400,653.87,665.99,626.00,641.96,6645.02785517
1468108800,639.99,655.87,636.80,647.48,2421.29459087
1468195200,647.48,659.60,639.31,648.64,2726.08772235
1468281600,648.64,678.00,644.14,667.55,4154.93264666
1468368000,669.76,675.00,654.52,656.11,6588.24363298
1468454400,656.16,664.93,650.01,661.82,2863.92417156
1468540800,661.00,667.73,658.41,663.48,2765.39985395
1468627200,663.48,670.01,655.00,663.65,2207.56742655
1468713600,663.65,684.19,660.34,679.95,3133.95621625
1468800000,679.95,682.21,666.12,671.01,3282.39091320
1468886400,671.00,675.81,666.00,669.10,1851.12819342
1468972800,669.00,675.00,660.00,666.22,3433.03469041
1469059200,664.34,668.50,660.10,664.50,2585.88559765
1469145600,664.50,666.30,649.74,655.98,4220.14008776
1469232000,655.98,657.05,645.00,654.80,2369.13394223
1469318400,654.80,665.00,651.99,661.31,1293.16098753
1469404800,662.50,662.55,652.28,655.12,2378.93458766
1469491200,655.12,657.08,645.01,653.39,3146.58860590
1469577600,653.76,659.98,646.31,656.38,2957.83763339
1469664000,656.40,659.82,652.41,655.11,2191.87482595
1469750400,655.11,657.47,653.00,657.19,1285.91446000
1469836800,657.19,657.50,652.19,653.23,712.94856458
1469923200,652.58,654.71,625.19,631.09,3953.26547887
1470009600,632.15,632.35,609.98,613.21,4972.37072697
1470096000,613.21,617.37,556.01,564.95,10239.05814932
1470182400,564.95,572.34,465.28,566.92,27589.23319200
1470268800,566.00,582.00,552.00,561.99,8792.36286589
1470355200,561.43,583.97,560.69,574.40,5045.08591192
1470441600,574.45,588.65,562.56,582.96,6038.94396745
1470528000,582.96,598.82,581.61,587.94,3304.65183193
1470614400,586.31,594.86,583.33,589.77,3092.53398418
1470700800,590.60,592.84,579.43,583.25,3472.67988195
1470787200,584.41,603.00,580.01,595.44,4679.74108825
1470873600,595.44,597.78,585.55,589.58,3062.94414733
1470960000,589.57,591.19,580.47,584.80,2202.54428221
1471046400,584.79,589.98,581.71,584.86,1045.79883437
1471132800,584.86,586.00,556.24,564.97,4534.62145724
1471219200,564.97,573.69,554.90,565.66,4550.86535042
1471305600,565.66,579.80,563.00,578.63,4931.64922163
1471392000,578.86,579.25,566.02,570.48,4162.59566694
1471478400,570.48,575.87,568.79,571.67,3898.52705116
1471564800,571.67,574.86,552.30,573.86,4732.25157710
1471651200,573.86,578.99,568.52,578.00,2210.82864700
1471737600,578.36,583.99,576.01,577.11,1600.70518624
1471824000,578.96,585.95,572.50,582.99,4343.37524915
1471910400,581.95,585.50,576.00,580.04,4872.80321091
1471996800,580.05,582.10,575.40,579.51,2884.46024468
1472083200,579.51,580.33,571.16,575.03,4121.95909014
1472169600,575.01,582.46,574.10,578.06,3412.49903615
1472256000,578.10,579.09,564.81,568.87,2898.62550887
1472342400,568.87,572.91,566.80,570.06,873.38237376
1472428800,570.06,575.00,569.46,574.09,2173.09360801
1472515200,573.86,576.00,568.55,575.07,4256.88033566
1472601600,575.09,576.50,568.40,571.78,3942.13293685
1472688000,571.78,573.70,566.86,570.36,2881.95826732
1472774400,570.97,574.20,567.03,572.00,3141.27535071
1472860800,572.00,590.21,569.01,588.80,3483.64920631
1472947200,589.72,609.05,589.02,601.87,5156.61339503
1473033600,601.87,607.65,592.46,602.99,3769.22248000
1473120000,602.99,609.74,601.00,608.91,4086.66819959
1473206400,608.89,615.92,604.70,613.95,4490.43870242
1473292800,613.95,628.98,611.66,624.25,4058.63725873
1473379200,624.29,627.49,612.93,620.84,3481.97213967
1473465600,621.38,625.00,618.67,623.12,1773.80446103
1473552000,623.12,628.99,595.00,600.61,3981.30786973
1473638400,599.45,609.15,594.63,606.24,4749.24122760
1473724800,606.24,609.61,603.28,607.89,3340.79532279
1473811200,607.91,609.88,605.57,609.58,2968.15826770
1473897600,609.57,610.69,602.30,605.53,3044.28314751
1473984000,605.59,608.99,603.50,607.39,2791.93031619
1474070400,607.39,607.60,601.10,604.48,1181.61699718
1474156800,604.48,609.06,601.97,607.83,1348.66533544
1474243200,607.83,609.50,603.00,607.36,2299.66092706
1474329600,608.38,608.88,605.36,606.81,2449.93136285
1474416000,607.64,608.00,592.10,594.48,3803.53587913
1474502400,594.48,596.42,592.50,594.53,2368.24092908
1474588800,594.53,601.40,593.00,600.19,4071.32026410
1474675200,600.95,603.59,597.76,600.24,1354.07468017
1474761600,600.72,601.99,596.00,598.37,1087.73559400
1474848000,598.37,606.00,596.10,604.07,3517.04929581
1474934400,604.44,608.37,600.02,605.73,3145.42438100
1475020800,605.73,607.00,600.80,603.96,2546.67041968
1475107200,603.96,605.00,601.00,604.20,2660.38658561
1475193600,604.20,606.62,603.15,604.84,2638.03489989
1475280000,604.84,614.28,604.27,612.74,1711.01897788
1475366400,612.74,614.27,605.00,608.90,1353.99866484
1475452800,608.90,611.59,606.60,611.16,1773.68719724
1475539200,611.05,612.98,604.99,607.73,3360.85398501
1475625600,607.70,612.00,605.76,609.98,2317.24204308
1475712000,609.98,610.99,607.09,610.39,1935.76998513
1475798400,610.03,616.34,607.52,613.23,4191.61949250
1475884800,612.97,616.99,612.01,614.72,985.45943668
1475971200,614.72,614.99,610.00,613.06,1168.33128468
1476057600,613.11,616.47,611.16,614.50,2254.98816813
1476144000,614.50,639.00,613.63,638.00,7731.91952580
1476230400,638.00,640.00,628.76,636.51,2963.77148178
1476316800,636.51,637.00,630.00,635.67,2445.35712226
1476403200,635.67,639.99,630.45,638.67,3063.38959621
1476489600,638.60,642.00,635.16,638.15,1524.00710989
1476576000,638.15,641.40,635.18,639.00,1043.66165759
1476662400,638.47,639.99,632.10,636.93,3999.13855669
1476748800,636.93,637.80,633.00,635.12,2596.44394250
1476835200,634.24,638.04,624.13,627.28,4645.34802225
1476921600,627.28,630.22,625.00,627.22,2208.97775509
1477008000,627.22,632.36,627.18,630.16,3088.76750910
1477094400,630.13,653.00,628.50,652.87,3679.72727198
1477180800,652.57,656.00,647.19,649.00,3054.36905172
1477267200,648.35,652.25,640.00,648.85,4747.83117854
1477353600,648.53,654.49,643.93,653.76,4296.80086953
1477440000,653.76,677.00,643.00,672.06,7300.97084041
1477526400,672.21,685.89,660.68,682.46,5280.66492231
1477612800,682.50,687.23,677.05,683.63,3897.33264402
1477699200,684.09,715.00,681.00,712.17,3866.23593946
1477785600,712.17,717.99,691.49,699.63,3678.86351776
1477872000,699.63,706.97,683.60,704.89,4747.41951608
1477958400,704.89,737.00,695.38,726.39,5846.94437825
1478044800,726.39,729.99,715.90,725.85,4512.16975315
1478131200,725.85,745.19,678.11,702.98,10852.26106661
1478217600,702.98,707.67,670.32,694.99,7069.26918090
1478304000,694.99,707.34,693.55,702.36,2328.10470616
1478390400,702.36,714.36,697.92,704.97,2126.48764045
1478476800,704.97,712.20,698.26,706.97,3122.02117412
1478563200,707.02,711.87,701.02,707.47,4864.92721804
1478649600,707.47,740.86,705.45,723.94,10019.36369705
1478736000,723.94,724.00,707.00,714.17,4681.42409164
1478822400,714.17,720.94,708.16,716.28,3881.91867582
1478908800,716.33,716.39,701.98,702.90,2804.34483656
1478995200,702.90,704.99,683.23,698.60,5773.76338110
1479081600,698.60,702.89,697.14,698.45,6635.73178420
1479168000,698.45,716.45,698.44,716.38,6262.74267830
1479254400,716.38,739.02,708.44,736.55,10187.89639254
1479340800,736.55,749.98,730.00,741.76,8633.34828834
1479427200,741.76,752.95,731.31,744.16,4157.73711225
1479513600,744.16,755.07,741.15,748.92,2385.21730153
1479600000,748.92,753.82,714.00,716.05,4838.90540482
1479686400,716.05,738.80,715.35,735.46,3710.49074819
1479772800,735.46,750.00,730.27,747.94,5806.85882783
1479859200,747.90,750.00,729.92,735.60,4387.29526728
1479945600,736.67,741.65,729.00,732.15,3624.44740304
1480032000,732.92,735.77,728.00,734.50,3662.53312866
1480118400,734.50,737.56,722.30,729.05,2787.17480309
1480204800,729.05,732.00,722.44,728.15,3088.09150217
1480291200,730.11,732.44,724.10,731.14,4820.92773662
1480377600,731.16,733.29,721.00,732.45,4863.36137689
1480464000,732.45,744.49,727.00,741.55,6506.76664665
1480550400,741.38,754.98,740.18,752.97,6045.50562549
1480636800,752.97,778.07,749.20,767.53,8265.68526395
1480723200,767.99,770.99,752.41,764.95,3211.86126380
1480809600,764.95,765.00,752.41,757.99,2940.51969497
1480896000,758.00,762.09,743.00,749.80,5392.91315361
1480982400,749.96,759.90,747.99,753.30,6238.47834653
1481068800,753.30,769.00,751.78,768.22,5183.64646319
1481155200,768.23,772.01,762.29,768.22,5164.18671027
1481241600,768.22,773.99,766.29,769.42,2843.72788158
1481328000,769.35,774.12,767.99,772.43,2385.01616748
1481414400,772.43,774.00,764.01,769.49,1530.59032716
1481500800,769.49,779.00,767.00,777.71,2696.15556953
1481587200,777.71,793.27,765.10,779.53,4852.24486254
1481673600,779.43,781.00,770.74,773.57,2291.55635541
1481760000,773.57,779.08,771.00,776.70,2708.35220811
1481846400,776.70,782.46,771.24,779.93,3746.03954879
1481932800,779.93,790.88,779.18,788.21,2693.23228360
1482019200,788.99,790.99,780.00,785.76,2382.30654842
1482105600,785.96,794.39,783.92,790.11,4029.72119499
1482192000,789.55,795.00,787.10,791.84,2937.67022711
1482278400,791.84,830.01,790.00,820.80,9638.76633205
1482364800,821.00,875.00,820.00,861.98,11908.92960199
1482451200,861.99,913.41,858.00,895.17,15130.96088987
1482537600,895.10,920.00,878.89,895.42,7892.51271591
1482624000,895.42,899.73,859.00,880.19,4877.35363470
1482710400,880.98,905.18,879.52,900.00,3911.13056463
1482796800,899.98,936.42,891.00,935.90,6197.98011272
1482883200,935.90,968.98,922.00,959.99,10703.09845850
1482969600,960.00,980.74,950.00,958.82,9239.43571657
1483056000,958.68,970.35,931.00,954.86,10412.08860808
1483142400,956.73,966.37,944.11,963.16,5318.60796194
1483228800,963.16,998.00,956.63,996.22,4688.64130889
1483315200,996.53,1032.00,992.49,1012.99,8900.05619932
1483401600,1012.94,1029.92,990.01,1020.34,7931.53161812
1483488000,1020.34,1139.89,1016.19,1134.81,18316.77796126
1483574400,1133.35,1136.72,885.41,979.52,37341.12649691
1483660800,980.00,1026.99,871.00,890.78,28418.46692049
1483747200,890.73,906.00,812.28,892.01,22881.02154680
1483833600,892.00,941.81,879.98,903.33,10243.64490962
1483920000,903.71,914.30,875.00,888.63,7477.29886459
1484006400,887.48,912.47,883.98,903.08,8437.54133102
1484092800,903.08,918.40,755.00,773.45,31199.22604682
1484179200,772.15,825.99,751.34,806.97,20614.65970443
1484265600,806.97,832.99,775.00,825.39,13169.81900309
1484352000,826.39,837.76,817.00,831.86,6525.53384332
1484438400,831.85,831.86,808.03,814.06,5465.94931002
1484524800,814.09,835.00,808.00,829.19,5482.87017475
1484611200,828.00,908.50,827.00,904.00,11504.39693021
1484697600,904.01,915.99,851.74,868.00,12386.99390078
1484784000,870.98,906.98,864.01,904.26,10021.83511132
1484870400,904.29,910.00,880.00,895.07,8119.01628303
1484956800,895.07,928.00,894.87,920.33,5998.43448878
1485043200,920.33,937.74,886.76,913.36,7118.12198155
1485129600,913.36,927.57,910.38,920.26,3283.55061734
1485216000,919.53,923.19,892.04,909.07,7670.22554765
1485302400,909.18,909.18,881.48,894.64,7114.89860566
1485388800,894.36,919.49,892.51,910.03,4969.32176049
1485475200,910.00,924.88,908.01,919.00,4936.39264227
1485561600,919.01,920.99,913.08,916.32,1713.32208004
1485648000,916.64,919.99,912.30,912.54,1186.98463333
1485734400,912.54,921.99,910.00,919.35,2243.66310671
1485820800,918.31,962.97,917.50,955.79,9272.29356392
1485907200,956.67,977.52,950.00,975.84,7165.03507625
1485993600,975.30,1004.99,970.25,1000.96,7722.46783548
1486080000,1000.92,1022.64,987.01,1012.99,11668.61750349
1486166400,1012.99,1044.23,1004.00,1035.56,5448.62729760
1486252800,1035.56,1037.01,1004.70,1007.44,5305.32434609
1486339200,1005.96,1031.94,1005.00,1020.00,4877.65280806
1486425600,1020.00,1056.25,1018.95,1048.28,5134.51621194
1486512000,1048.35,1070.00,1025.00,1058.57,9561.68624223
1486598400,1058.06,1074.69,913.73,976.03,23156.29063978
1486684800,976.03,992.00,950.00,986.59,11142.78446652
1486771200,986.60,1020.00,984.07,1013.74,6448.91350353
1486857600,1013.74,1019.00,997.04,999.01,2456.95457920
1486944000,999.01,1007.89,975.10,1000.18,4567.11249014
1487030400,1000.18,1019.00,987.97,1008.19,6635.92119985
1487116800,1008.19,1012.54,1000.97,1009.34,3452.50638687
1487203200,1009.34,1043.21,1008.66,1039.84,5306.85613431
1487289600,1039.98,1064.99,1026.81,1055.12,6424.65066416
1487376000,1055.29,1068.99,1049.94,1060.44,4664.85779383
1487462400,1060.44,1063.62,1039.07,1045.20,2594.32639744
1487548800,1046.97,1064.67,1044.39,1060.12,2338.36519733
1487635200,1060.10,1119.00,1058.51,1114.39,8328.88128954
1487721600,1114.41,1142.20,1098.16,1134.15,10262.25103451
1487808000,1134.15,1168.00,1120.73,1161.00,11885.08813993
1487894400,1161.40,1220.00,1091.10,1189.01,20876.02925090
1487980800,1189.01,1189.99,1127.00,1152.98,7062.52944691
1488067200,1154.06,1184.97,1133.00,1174.80,4056.82905224
1488153600,1174.87,1197.99,1167.04,1193.04,4248.11334721
1488240000,1191.74,1209.99,1176.27,1195.39,7118.60941480
1488326400,1198.65,1231.00,1188.30,1221.70,6510.47134825
1488412800,1221.70,1283.25,1215.00,1263.53,6492.04231596
1488499200,1264.97,1298.00,1239.38,1270.46,8627.41814930
1488585600,1270.46,1289.55,1230.00,1257.18,5105.38279468
1488672000,1260.33,1275.00,1240.00,1268.84,3216.27653503
1488758400,1270.09,1285.00,1251.00,1276.91,3992.33951957
1488844800,1276.91,1281.62,1175.97,1250.87,13599.03471105
1488931200,1250.86,1254.90,1160.00,1186.13,11225.54505228
1489017600,1185.50,1208.00,1135.01,1199.76,10382.07594804
1489104000,1199.97,1350.00,1170.00,1247.93,14336.96719505
1489190400,1248.00,1293.00,975.00,1172.96,26390.21082867
1489276800,1173.16,1241.85,1159.57,1230.40,5842.13890678
1489363200,1231.29,1249.02,1214.35,1240.42,6132.28016628
1489449600,1239.50,1260.00,1226.50,1249.88,5718.41100282
1489536000,1249.89,1260.00,1238.32,1249.81,3608.09735687
1489622400,1250.19,1259.99,1177.00,1187.20,10470.96603974
1489708800,1188.62,1195.00,1077.38,1123.46,18507.36306273
1489795200,1126.18,1126.18,948.73,979.90,22471.62541909
1489881600,979.90,1063.70,944.36,1053.00,13416.94013547
1489968000,1053.00,1056.00,1006.56,1034.94,8031.76365401
1490054400,1034.93,1117.90,1025.00,1110.57,10441.78935010
1490140800,1110.70,1117.64,988.00,1012.07,14158.14267406
1490227200,1011.40,1054.40,1001.00,1039.24,6883.62156443
1490313600,1039.24,1042.48,960.10,975.85,11473.36229906
1490400000,975.85,975.85,891.33,942.01,17770.91905945
1490486400,941.51,997.00,932.84,977.88,8616.63198499
1490572800,977.88,1032.00,937.52,1013.01,9523.77851084
1490659200,1012.44,1068.26,1008.62,1025.59,8949.07795703
1490745600,1025.59,1059.43,1008.16,1035.89,10044.74543092
1490832000,1035.89,1050.17,1017.14,1028.02,8382.21475132
1490918400,1027.69,1081.00,1024.00,1069.99,10737.08107779
1491004800,1068.40,1097.00,1060.00,1072.73,6457.74652433
1491091200,1070.41,1099.32,1061.64,1095.01,6911.98943870
1491177600,1095.05,1146.52,1076.00,1146.21,10463.53425250
1491264000,1146.21,1162.93,1118.85,1140.00,8672.81370182
1491350400,1140.00,1145.00,1111.00,1131.20,5804.84566889
1491436800,1131.20,1188.29,1122.31,1184.78,7818.32868107
1491523200,1182.88,1202.00,1176.00,1195.01,6406.84152352
1491609600,1195.52,1198.13,1166.66,1178.89,3386.53982859
1491696000,1178.01,1216.87,1173.98,1211.96,4823.78866493
1491782400,1211.37,1219.71,1199.97,1207.57,3225.23881363
1491868800,1207.07,1229.00,1195.00,1217.54,3988.07949532
1491955200,1217.54,1227.00,1208.00,1217.10,3026.49458832
1492041600,1216.91,1219.45,1141.00,1169.99,7352.32134307
1492128000,1169.99,1193.00,1142.00,1167.35,9256.56662064
1492214400,1166.28,1192.50,1160.61,1181.61,1618.99124983
1492300800,1181.61,1183.85,1150.00,1172.00,2783.05332905
1492387200,1171.99,1192.50,1161.00,1185.65,3393.86178964
1492473600,1185.85,1210.00,1174.88,1202.04,5464.95151687
1492560000,1202.01,1209.99,1190.00,1205.50,4670.98483803
1492646400,1205.50,1243.88,1190.00,1227.33,7380.63308144
1492732800,1227.33,1252.32,1227.33,1238.85,4887.76096895
1492819200,1238.85,1247.15,1199.00,1240.78,4091.38423554
1492905600,1240.78,1248.99,1223.42,1239.50,3037.14319619
1492992000,1239.50,1252.80,1234.00,1252.31,3014.32892674
1493078400,1252.62,1280.00,1250.12,1276.23,4944.81746318
1493164800,1276.23,1330.00,1265.00,1300.82,7991.86511854
1493251200,1300.82,1338.00,1281.00,1327.28,6546.36590580
1493337600,1326.50,1347.02,1299.00,1314.05,8508.14111994
1493424000,1314.09,1342.80,1302.80,1336.03,4495.69394185
1493510400,1336.03,1342.00,1315.68,1334.83,2834.61475334
1493596800,1334.83,1425.00,1330.00,1407.90,8270.52411799
1493683200,1409.98,1481.73,1388.00,1433.07,9571.48509750
1493769600,1433.08,1498.88,1418.21,1491.54,9569.16721455
1493856000,1491.58,1623.01,1480.02,1539.64,16976.43469890
1493942400,1539.65,1609.00,1444.94,1517.84,18852.29008970
1494028800,1518.37,1578.97,1495.00,1558.04,9157.84121685
1494115200,1558.00,1570.00,1525.00,1530.57,6555.28502160
1494201600,1530.59,1610.00,1525.10,1604.39,17033.93585771
1494288000,1604.01,1760.40,1592.00,1744.35,17644.68032473
1494374400,1744.35,1794.21,1661.07,1771.12,12548.15937411
1494460800,1768.01,1892.00,1745.00,1836.09,13691.13991809
1494547200,1836.11,1840.07,1650.00,1680.00,16404.58989644
1494633600,1679.99,1747.00,1601.46,1720.91,12732.82523066
1494720000,1720.91,1815.00,1720.91,1757.00,5475.45350626
1494806400,1757.56,1792.00,1682.56,1691.90,12152.23109776
1494892800,1691.90,1750.00,1641.22,1730.67,16230.45700394
1494979200,1736.00,1840.42,1670.01,1795.00,17197.56763257
1495065600,1799.96,1870.00,1765.26,1858.91,13215.85401406
1495152000,1860.40,1954.99,1860.04,1925.00,13380.79191401
1495238400,1924.99,1989.00,1914.00,1974.98,12411.59616094
1495324800,1974.98,2063.11,1961.52,2008.69,7958.38141999
1495411200,2008.70,2230.34,2008.69,2138.01,13390.41101255
1495497600,2138.73,2268.12,2001.00,2239.99,15850.76009724
1495584000,2239.99,2470.00,2210.01,2470.00,19381.29014345
1495670400,2470.00,2760.10,2263.72,2369.87,32598.22348110
1495756800,2366.27,2599.12,2060.00,2287.92,28228.45802544
1495843200,2272.91,2350.00,1850.00,2133.00,29420.97644782
1495929600,2133.00,2313.96,2001.00,2155.44,15622.23567383
1496016000,2155.38,2330.00,2081.00,2317.65,11632.18157088
1496102400,2317.65,2350.00,2214.95,2251.00,13373.58086713
1496188800,2251.00,2334.00,2154.28,2304.63,17025.90569476
1496275200,2304.62,2456.39,2269.36,2390.00,18183.67142666
1496361600,2390.00,2449.55,2360.00,2418.78,12471.31619116
1496448000,2421.99,2584.34,2418.81,2571.87,10496.20979971
1496534400,2571.85,2576.18,2477.99,2484.64,9934.05366870
1496620800,2483.87,2650.00,2460.00,2634.99,10628.28660369
1496707200,2633.88,2933.00,2633.42,2860.57,27461.36953418
1496793600,2860.58,2893.28,2754.67,2778.01,13414.57505577
1496880000,2778.00,2810.00,2612.50,2758.00,16912.62791501
1496966400,2758.00,2868.23,2738.03,2844.00,8808.85067923
1497052800,2837.01,2912.98,2790.00,2879.00,8585.94822221
1497139200,2881.01,2960.24,2800.00,2940.48,8380.18632611
1497225600,2940.88,2980.00,2480.03,2550.01,28118.36272657
1497312000,2559.91,2783.62,2559.91,2709.77,18284.97202701
1497398400,2706.73,2801.00,2490.01,2540.73,23611.17487158
1497484800,2542.45,2552.06,2120.00,2326.49,40196.59313172
1497571200,2325.52,2525.00,2289.62,2518.53,16550.33590021
1497657600,2518.52,2668.44,2412.10,2651.91,11806.67890650
1497744000,2653.28,2674.40,2466.00,2494.28,9061.11148853
1497830400,2494.28,2596.00,2460.62,2557.52,10990.83856742
1497916800,2555.03,2783.00,2553.02,2768.00,14469.75743188
1498003200,2768.00,2789.00,2632.81,2681.70,14312.20393166
1498089600,2681.67,2740.00,2594.61,2716.60,13693.16025465
1498176000,2705.68,2745.00,2675.71,2725.00,7576.48514748
1498262400,2725.39,2733.80,2525.00,2528.21,12722.08377766
1498348800,2531.21,2635.72,2483.41,2496.64,10057.51169941
1498435200,2496.64,2550.03,2317.20,2345.05,21135.68870584
1498521600,2350.21,2465.00,2291.00,2412.99,19748.79041231
1498608000,2412.00,2570.00,2410.01,2559.33,13171.68592010
1498694400,2557.56,2594.78,2500.31,2573.99,8767.02526311
1498780800,2569.03,2573.78,2503.01,2519.89,8233.43185585
1498867200,2517.00,2525.83,2404.89,2439.99,8710.55612459
1498953600,2432.42,2491.99,2374.34,2489.98,9197.12548700
1499040000,2487.01,2595.00,2472.68,2553.98,11893.12273422
1499126400,2553.57,2639.47,2539.86,2564.55,10090.79949184
1499212800,2558.45,2621.00,2530.10,2618.15,10323.03269725
1499299200,2618.15,2623.00,2522.00,2603.78,9012.83544544
1499385600,2600.43,2612.00,2486.01,2528.95,8513.62017278
1499472000,2528.00,2549.80,2462.00,2545.49,6271.98041697
1499558400,2544.50,2564.65,2515.00,2538.60,3955.34711289
1499644800,2533.24,2540.16,2365.11,2407.00,13130.03001434
1499731200,2408.01,2410.22,2242.62,2315.65,20794.90361599
1499817600,2315.00,2408.84,2239.54,2385.22,13522.78907494
1499904000,2392.84,2425.16,2312.93,2347.23,9287.72231237
1499990400,2347.32,2357.84,2179.62,2199.90,10631.10026815
1500076800,2199.90,2226.00,1978.00,2078.00,20063.79452164
1500163200,2076.22,2084.42,1830.00,1866.02,24884.83957704
1500249600,1869.98,2152.00,1850.93,2123.24,23071.27119045
1500336000,2123.23,2374.78,2123.23,2359.95,27815.39167477
1500422400,2359.97,2402.50,2227.00,2234.99,18109.14701043
1500508800,2227.00,2680.00,2223.00,2648.87,25588.40503770
1500595200,2648.87,2938.00,2614.00,2629.00,26899.91953221
1500681600,2629.00,2882.00,2611.39,2810.86,13581.60844529
1500768000,2812.00,2855.00,2640.00,2761.85,11367.60774004
1500854400,2769.97,2800.00,2701.00,2772.73,10044.64532439
1500940800,2772.68,2775.79,2450.00,2489.99,18736.13525321
1501027200,2490.00,2608.96,2400.00,2471.42,19569.16762569
1501113600,2472.19,2600.00,2443.70,2565.11,10762.66963596
1501200000,2565.11,2825.00,2542.46,2751.90,14929.98204131
1501286400,2751.73,2800.00,2657.39,2736.58,9782.36639310
1501372800,2736.58,2774.45,2569.69,2718.07,11877.30170416
1501459200,2718.15,2848.77,2680.01,2837.44,9626.39063224
1501545600,2837.44,2929.17,2615.00,2775.38,13447.71098146
1501632000,2775.38,2779.07,2670.00,2707.87,9006.62625648
1501718400,2705.64,2797.51,2650.00,2789.99,7991.44913318
1501804800,2789.99,2877.52,2765.91,2826.57,8196.22384574
1501891200,2826.36,3339.66,2825.00,3256.00,16141.05194098
1501977600,3256.00,3296.51,3146.10,3261.49,7374.72295669
1502064000,3261.49,3430.00,3186.00,3356.00,11244.86239963
1502150400,3356.00,3490.00,3300.00,3431.98,15924.37075065
1502236800,3432.00,3463.31,3178.72,3331.01,13065.65202526
1502323200,3331.00,3448.00,3293.01,3410.00,10377.50277342
1502409600,3410.00,3550.00,3385.00,3539.00,10834.46358432
1502496000,3538.93,3934.00,3528.73,3872.00,12487.87105226
1502582400,3874.24,4190.00,3725.37,3961.43,17105.37040808
1502668800,3957.04,4328.00,3954.00,4212.99,12955.13842631
1502755200,4212.99,4400.00,3800.00,4044.57,25453.73466987
1502841600,4044.35,4364.00,3926.06,4299.00,13370.43074149
1502928000,4299.00,4480.00,4167.21,4306.40,14643.69153279
1503014400,4306.40,4368.00,3990.32,4119.67,16025.10945639
1503100800,4115.92,4188.00,3900.00,4054.40,17105.82335302
1503187200,4053.57,4130.00,4000.00,4088.40,6639.64986291
1503273600,4090.94,4111.96,3949.78,4014.21,8749.41309597
1503360000,4003.00,4139.31,3600.00,4089.61,23501.94921682
1503446400,4089.61,4248.97,4011.09,4100.00,14114.41875195
1503532800,4100.00,4246.41,4062.26,4227.62,10969.32900797
1503619200,4225.00,4449.98,4199.53,4324.84,10716.44672284
1503705600,4320.03,4372.20,4232.43,4323.69,7341.49826493
1503792000,4324.00,4393.30,4290.32,4354.90,4338.00151324
1503878400,4355.06,4365.96,4169.01,4341.84,7750.86969054
1503964800,4342.53,4649.78,4328.66,4584.86,11627.94290352
1504051200,4583.83,4642.22,4479.00,4550.00,9508.08298531
1504137600,4549.99,4765.21,4532.58,4719.85,8635.51019228
1504224000,4724.30,4872.96,4671.09,4870.00,14147.08833600
1504310400,4870.00,4979.90,4488.50,4605.89,17362.21449344
1504396800,4606.00,4700.00,4385.00,4550.00,11419.85595478
1504483200,4550.00,4624.72,4058.50,4250.97,23636.04213539
1504569600,4260.49,4449.45,4001.93,4412.81,21534.61105426
1504656000,4413.93,4649.23,4356.42,4608.52,17655.09235493
1504742400,4605.89,4674.34,4475.00,4602.71,9476.33809109
1504828800,4602.81,4679.97,4195.00,4197.20,20116.68508203
1504915200,4196.10,4379.78,4125.99,4276.30,13761.09042631
1505001600,4276.38,4334.38,4010.00,4293.55,14806.94078566
1505088000,4293.55,4353.49,4092.40,4197.67,11448.50459620
1505174400,4197.69,4377.65,4080.00,4164.85,12576.28709700
1505260800,4164.88,4204.99,3720.01,3850.00,28377.30347607
1505347200,3847.99,3949.99,3251.29,3359.00,36144.70636895
1505433600,3358.93,3772.52,2972.01,3682.02,62813.47658772
1505520000,3682.02,3872.90,3500.00,3692.97,27103.03170042
1505606400,3697.26,3772.52,3463.00,3704.76,11966.39229893
1505692800,3711.95,4100.00,3646.39,4016.21,16486.16352254
1505779200,4020.88,4122.70,3848.35,3897.97,15269.79785869
1505865600,3889.45,4050.00,3820.56,3948.46,11873.31353467
1505952000,3948.00,3973.00,3612.00,3631.81,16171.16735287
1506038400,3639.55,3761.84,3514.00,3595.93,16579.64541749
1506124800,3597.60,3810.25,3552.00,3770.00,10707.24647846
1506211200,3766.16,3783.25,3615.00,3694.97,7318.02939599
1506297600,3691.28,3968.59,3650.02,3926.00,13810.03879793
1506384000,3926.00,3970.00,3850.61,3908.26,10938.65118967
1506470400,3911.97,4190.00,3870.00,4183.39,13277.32840874
1506556800,4182.04,4270.01,4123.50,4152.00,11067.82296898
1506643200,4149.28,4227.62,4022.02,4162.95,12291.22100126
1506729600,4162.93,4347.20,4132.01,4318.07,7616.67984615
1506816000,4318.07,4349.00,4216.00,4289.17,6864.85800180
1506902400,4289.10,4453.00,4282.09,4407.00,8195.87111233
1506988800,4407.09,4425.00,4218.00,4272.02,12914.65139023
1507075200,4272.02,4343.00,4170.07,4206.26,8504.29010907
1507161600,4209.74,4356.05,4137.96,4355.35,8004.91592824
1507248000,4355.30,4425.00,4278.40,4338.01,9072.31781623
1507334400,4338.00,4383.95,4312.82,4338.92,3278.08523623
1507420800,4338.92,4585.00,4327.41,4583.97,10221.64329231
1507507200,4584.00,4865.00,4541.00,4780.00,12293.55045043
1507593600,4777.00,4909.97,4739.90,4861.47,11510.00734765
1507680000,4869.09,4885.54,4700.00,4831.09,11292.51940678
1507766400,4836.68,5388.00,4789.04,5289.74,18903.88203999
1507852800,5289.70,5846.43,5265.08,5502.00,27588.85414102
1507939200,5501.77,5767.14,5497.40,5694.20,9332.17278643
1508025600,5694.20,5830.00,5415.00,5492.80,10965.03318137
1508112000,5496.04,5747.97,5455.65,5720.28,8961.63122217
1508198400,5720.81,5807.11,5506.78,5628.32,10159.91155134
1508284800,5625.63,5639.90,5101.36,5390.69,17460.15853204
1508371200,5390.59,5735.00,5387.88,5627.36,11124.68666196
1508457600,5627.36,6065.00,5589.80,6045.00,14098.74825221
1508544000,6045.00,6180.00,5871.00,6027.05,16330.14737372
1508630400,6027.08,6120.00,5700.00,5872.00,12230.95162560
1508716800,5871.92,6045.34,5617.75,5930.87,13503.58055234
1508803200,5930.97,6000.00,5534.32,5685.00,16764.07736975
1508889600,5680.00,5685.00,5366.00,5655.00,14210.75719974
1508976000,5644.04,5988.00,5630.00,5892.80,11884.02011573
1509062400,5892.86,5994.06,5674.06,5741.45,12447.11737652
1509148800,5741.34,5875.66,5646.18,5781.82,6835.92713947
1509235200,5781.98,6145.42,5683.00,6145.39,11199.49305433
1509321600,6145.42,6316.85,6024.03,6079.90,14045.18131078
1509408000,6078.56,6420.00,6072.81,6343.37,12752.03506503
1509494400,6343.37,6622.81,6340.01,6595.94,11343.09594873
1509580800,6594.99,7354.10,6524.45,6974.49,27231.64121846
1509667200,6975.00,7500.00,6925.22,7294.00,15929.54790942
1509753600,7295.12,7458.00,6994.00,7458.00,9614.27777120
1509840000,7451.47,7590.00,7275.16,7528.00,8253.42658145
1509926400,7528.00,7570.56,6961.50,7001.17,17345.18841977
1510012800,7000.01,7244.69,6922.07,7108.89,14803.22914217
1510099200,7113.84,7888.00,6993.00,7342.00,20814.12356040
1510185600,7342.00,7495.60,7061.20,7208.60,18405.59437970
1510272000,7208.71,7343.18,6490.60,6490.60,21430.43295942
1510358400,6490.61,6820.00,6223.00,6253.03,19344.27473224
1510444800,6253.00,6503.00,5555.55,6176.06,32800.83184950
1510531200,6197.58,6775.75,5645.00,6390.01,30081.04534030
1510617600,6391.01,6750.00,6310.00,6530.00,14311.28128046
1510704000,6532.00,7275.16,6525.65,7142.50,16399.58447602
1510790400,7160.00,7826.00,7117.46,7820.00,16767.46165668
1510876800,7815.80,7997.00,7528.50,7835.00,19943.27449344
1510963200,7839.37,7860.00,7431.54,7756.00,9322.37450254
1511049600,7756.00,8036.30,7675.00,7970.00,7745.23433871
1511136000,7971.98,8268.20,7884.85,8190.79,8456.69951607
1511222400,8191.55,8354.46,7770.00,8249.00,11681.99010884
1511308800,8249.01,8310.89,7935.00,8145.11,9804.24907785
1511395200,8145.11,8284.00,8058.69,8129.00,7835.58961338
1511481600,8128.99,8340.00,7876.00,8243.26,10040.05163406
1511568000,8240.10,8689.00,8114.78,8610.11,11516.74333574
1511654400,8610.11,9366.60,8538.20,9350.45,9352.55486224
1511740800,9353.22,9721.70,8971.11,9499.96,15408.36742564
1511827200,9499.95,9968.00,9462.00,9949.37,10262.98251199
1511913600,9952.94,11395.00,9848.00,10310.68,26405.52479230
1512000000,10310.68,10618.29,9000.00,9639.17,30850.00480692
1512086400,9639.17,10744.00,9370.11,10482.20,17800.00944656
1512172800,10500.00,11200.00,10482.27,10900.01,11230.30759629
1512259200,10900.01,11800.01,10770.32,11725.00,7909.73321374
1512345600,11725.00,11799.99,10513.16,11189.39,18402.96409516
1512432000,11178.11,11850.00,11100.00,11690.00,12685.80847032
1512518400,11690.00,12828.06,11623.99,12828.06,15949.31078915
1512604800,12828.06,15995.00,12828.06,15715.20,26602.83459342
1512691200,15715.17,16666.66,13482.42,15029.98,27527.15459038
1512777600,15030.00,15998.50,12701.05,14074.40,16461.88636458
1512864000,14100.00,15192.32,13011.00,14930.55,16571.24686567
1512950400,14930.55,16570.00,14029.86,16438.00,16790.34999413
1513036800,16440.11,17428.42,15967.29,17254.45,15223.62753458
1513123200,17257.60,17350.00,15497.69,15999.50,17107.97166733
1513209600,15999.50,16830.45,15852.69,16351.39,13879.99101213
1513296000,16351.39,17934.00,16072.73,17749.00,19165.04428454
1513382400,17749.00,18866.66,17111.00,18727.47,9164.83572612
1513468800,18730.00,19666.00,18660.00,18681.19,9482.24054846
1513555200,18681.19,19310.67,17835.20,18547.81,15436.44227495
1513641600,18534.73,19160.79,17500.00,18179.96,16296.77437949
1513728000,18179.98,18222.32,15800.00,16870.93,32949.86464572
1513814400,16873.96,17281.17,15005.00,15289.97,22065.35342910
1513900800,15290.00,15855.00,11159.93,13435.00,52616.53601503
1513987200,13435.01,15756.22,12880.74,14965.04,27182.52561338
1514073600,14994.00,15599.64,12488.00,12970.00,19273.25993718
1514160000,12967.92,14650.00,12622.00,14056.13,12753.46193233
1514246400,14117.15,16147.87,13555.01,15698.48,13964.55712992
1514332800,15698.50,16480.52,14484.00,15029.99,15639.08368327
1514419200,15010.01,15483.22,13500.00,13553.32,16927.52061850
1514505600,13553.32,15111.00,13553.32,14498.00,13427.26259478
1514592000,14511.70,14659.37,12050.00,12847.32,21959.76129352
1514678400,12847.27,14187.57,12491.21,13808.19,12670.71352006
1514764800,13840.53,14296.06,12801.38,13189.36,7434.85318035
1514851200,13189.08,14780.26,12910.58,14596.11,13013.67293120
1514937600,14596.68,15500.00,14546.28,14834.30,14242.67888714
1515024000,14822.12,15430.27,14192.37,14780.40,14155.24850951
1515110400,14781.45,16532.99,14773.67,16367.42,15989.73059737
1515196800,16367.42,17200.00,16194.98,16772.83,11893.84693957
1515283200,16759.01,17234.99,15707.16,16093.08,8714.48606683
1515369600,16097.51,16521.66,13900.00,14908.69,15877.87300469
1515456000,14949.90,15367.18,14123.97,14747.78,13276.21947319
1515542400,14747.78,14851.30,13412.00,14525.40,19054.93631743
1515628800,14530.56,14973.07,12800.00,13702.83,18445.73580440
1515715200,13729.94,14152.19,12807.27,13520.00,14852.87145172
1515801600,13520.00,14619.10,13489.77,14254.98,8608.61667745
1515888000,14254.98,14365.81,13072.22,13563.11,7603.88914076
1515974400,13564.26,14394.36,13300.00,13942.18,8201.77942137
1516060800,13993.05,14026.19,11120.91,11554.53,29872.61275881
1516147200,11526.53,11882.75,9222.00,9780.36,43307.50103284
1516233600,9780.33,12146.00,9780.32,11788.35,27225.30031542
1516320000,11790.00,12050.39,11025.18,11270.01,15596.95478032
1516406400,11270.00,13052.12,11161.78,12968.01,10563.17612926
1516492800,12961.00,12999.90,11214.40,11514.92,11194.77208615
1516579200,11513.68,11910.78,10330.01,10488.78,13958.01851946
1516665600,10488.78,11409.87,9927.54,11234.98,19787.82101072
1516752000,11207.45,11500.00,10488.13,11047.74,12015.09050974
1516838400,11047.66,11741.82,10868.57,11246.98,11067.25707218
1516924800,11246.98,11635.00,10263.32,11047.11,15078.57209789
1517011200,11037.14,11579.41,10780.18,11444.99,9422.78133051
1517097600,11427.02,11989.15,11332.29,11599.99,10625.29169439
1517184000,11599.99,11820.01,11037.77,11231.48,9963.10713201
1517270400,11231.48,11247.08,9731.20,9950.45,16981.27368294
1517356800,9950.42,10324.00,9514.96,9974.52,16503.15904658
1517443200,9974.91,10187.56,8820.96,8970.00,20517.08528426
1517529600,8970.00,9234.10,7625.25,8580.00,47828.98222220
1517616000,8551.19,9443.96,8170.71,9386.72,17968.92903954
1517702400,9391.30,9491.20,8189.32,8301.65,14407.72075143
1517788800,8301.65,8416.03,6865.66,6877.61,37314.24206479
1517875200,6877.61,7486.98,5920.72,7162.31,70503.74449341
1517961600,7170.00,8649.00,7160.38,8239.40,43855.53957859
1518048000,8239.40,8644.36,7543.27,8218.66,23954.17499488
1518134400,8218.11,8779.62,7753.32,8622.27,20171.26383890
1518220800,8622.27,9090.80,8254.00,8322.01,14961.56916425
1518307200,8333.19,8589.10,7820.00,8325.22,12932.47914776
1518393600,8342.60,8850.00,8026.00,8655.98,13678.48567758
1518480000,8676.09,8995.00,8360.13,8570.10,13296.53485743
1518566400,8570.24,9380.00,8461.38,9291.01,16132.65630397
1518652800,9309.01,10234.00,9188.10,10071.02,20335.63885480
1518739200,10087.00,10300.00,9707.51,9959.00,13826.94542588
1518825600,9960.80,10870.35,9920.63,10796.14,12768.53903966
1518912000,10791.15,11300.00,10153.15,10790.00,19048.32476094
1518998400,10791.38,11262.48,10307.51,11102.81,10835.30337153
1519084800,11098.31,11722.58,10992.86,11671.91,13403.64021967
1519171200,11670.00,11780.00,10358.00,10541.33,21863.80463025
1519257600,10547.88,10935.00,9731.20,9890.02,20666.52749698
1519344000,9890.02,10405.30,9600.00,10209.77,16877.98215444
1519430400,10209.77,10540.63,9533.00,9570.00,13420.57907918
1519516800,9570.01,9883.41,9260.00,9455.60,11827.61133621
1519603200,9454.67,10400.00,9376.34,10267.98,14349.77524723
1519689600,10267.99,10850.00,10150.00,10623.60,12281.63384959
1519776000,10621.65,11064.75,10364.78,10483.30,10170.08494253
1519862400,10482.78,10942.90,10223.41,10934.00,9145.85501576
1519948800,10932.81,11175.00,10774.01,10933.67,9609.09324747
1520035200,10931.12,11503.24,10848.82,11458.99,7686.39521320
1520121600,11459.70,11500.00,11054.91,11350.00,5468.46196068
1520208000,11340.99,11688.00,11247.62,11667.43,10632.83935679
1520294400,11669.99,11682.10,10707.00,10712.43,12855.71609488
1520380800,10712.00,10911.78,9450.00,9689.79,24526.90640041
1520467200,9682.73,10150.00,9078.95,9350.00,24700.96409560
1520553600,9347.08,9466.00,8366.00,8888.09,28461.15570557
1520640000,8888.11,9514.96,8653.90,9122.67,13027.33266848
1520726400,9116.07,9750.00,8450.00,9637.78,17164.29732602
1520812800,9653.95,9892.00,8857.00,8929.97,17320.73741441
1520899200,8929.96,9482.79,8742.07,9049.87,18629.30417820
1520985600,9073.66,9356.14,8201.14,8291.19,18320.21413642
1521072000,8297.10,8425.00,7682.00,8215.01,21249.71224414
1521158400,8224.74,8613.06,7914.08,8550.00,15664.51725431
1521244800,8539.28,8579.90,7730.23,7835.00,12229.86466476
1521331200,7833.09,8091.64,7325.37,7473.05,16318.20403960
1521417600,7482.83,8718.74,7466.57,8395.01,22770.46909967
1521504000,8399.71,8961.53,8313.01,8941.74,13135.61790414
1521590400,8941.73,9188.10,8754.83,8889.10,12896.08927978
1521676800,8892.02,9099.59,8503.52,8616.00,12535.55420664
1521763200,8621.03,8766.03,8265.00,8628.82,13775.75699415
1521849600,8628.68,9020.00,8580.09,8917.89,8585.13153446
1521936000,8917.98,8972.20,8368.63,8615.28,9835.48574714
1522022400,8618.72,8653.68,7863.04,7919.99,16775.03557830
1522108800,7919.99,8273.36,7742.11,7894.09,13820.89944545
1522195200,7902.99,8104.98,7723.03,7905.73,8931.28023636
1522281600,7905.73,8000.00,7329.00,7346.96,15279.10033377
1522368000,7337.06,7382.58,6550.00,6823.68,35303.06628747
1522454400,6816.75,7231.73,6751.00,7058.00,11451.28950996
1522540800,7045.11,7068.90,6427.16,6910.39,18698.01704423
1522627200,6901.40,7106.50,6758.45,6977.24,13151.35435078
1522713600,6977.24,7506.84,6894.57,7470.00,16340.17176709
1522800000,7470.00,7491.58,6734.99,6855.71,15388.63279455
1522886400,6859.50,6928.70,6578.95,6772.00,12391.87929236
1522972800,6772.00,6850.00,6510.00,6619.36,9052.66058390
1523059200,6619.36,7069.13,6539.69,6996.97,7627.36501854
1523145600,6995.60,7104.52,6863.00,6990.00,4523.73203879
1523232000,6991.31,7175.83,6642.31,6674.46,8753.57626217
1523318400,6667.09,6871.88,6611.49,6849.66,7160.69672230
1523404800,6848.29,6984.92,6779.44,6915.04,5830.20461227
1523491200,6912.00,8069.34,6758.45,7678.00,17772.63689703
1523577600,7684.27,8239.33,7674.99,8099.79,19082.74908382
1523664000,8094.10,8232.14,7805.00,8021.60,11283.99545061
1523750400,8023.87,8417.00,7945.20,8297.28,7341.38806255
1523836800,8305.23,8424.99,7905.00,7996.29,10818.36622302
1523923200,7988.10,8160.85,7850.00,7872.33,8904.14340102
1524009600,7872.33,8170.99,7806.81,8116.75,8452.48542061
1524096000,8112.88,8297.99,8074.44,8245.00,10535.68513381
1524182400,8248.66,8567.68,8200.01,8511.04,13420.03340993
1524268800,8515.26,9023.40,8480.00,8795.61,17624.48528492
1524355200,8791.30,9036.52,8718.74,8870.73,9009.35138717
1524441600,8873.72,9006.39,8760.00,8849.98,10443.23441196
1524528000,8849.98,9467.57,8829.32,9462.51,18454.73294139
1524614400,9462.51,9755.53,8751.00,8969.50,31927.00735250
1524700800,8962.00,9175.00,8647.29,8872.90,20234.52294469
1524787200,8868.94,9387.82,8864.24,9091.58,13500.24056656
1524873600,9091.57,9425.00,8854.47,9398.51,16453.15016652
1524960000,9391.59,9538.75,9180.00,9314.99,11399.33936534
1525046400,9316.99,9443.96,9111.00,9326.60,7594.17596749
1525132800,9323.80,9331.50,8815.91,8959.51,12021.39475925
1525219200,8958.11,9188.10,8955.63,9111.01,10382.77974899
1525305600,9112.02,9731.20,9086.84,9638.26,11987.08233341
1525392000,9638.26,9799.99,9527.38,9644.82,7920.90079204
1525478400,9644.82,9948.98,9628.56,9838.07,6933.66723688
1525564800,9838.98,9918.41,9375.00,9488.37,8625.06034250
1525651200,9487.39,9634.50,9175.00,9421.73,12295.97829288
1525737600,9421.73,9450.00,9015.00,9239.35,12343.18279284
1525824000,9239.34,9368.79,8974.62,9281.74,11067.94940024
1525910400,9271.31,9393.00,9066.05,9089.05,11035.52402121
1525996800,9088.64,9128.88,8503.74,8613.50,19577.52292740
1526083200,8606.27,8652.80,8208.81,8492.13,16978.05371122
1526169600,8487.97,8687.01,8335.56,8625.78,9422.30375578
1526256000,8620.21,8828.27,8286.57,8756.99,18053.59981479
1526342400,8756.89,8900.90,8400.00,8555.60,13961.02038660
1526428800,8555.45,8569.92,8100.01,8252.72,12872.74409938
1526515200,8251.00,8500.00,8110.02,8176.33,7728.26191694
1526601600,8176.33,8275.10,7929.53,8231.42,8413.98762281
1526688000,8235.61,8395.00,8141.08,8313.12,3533.48346304
1526774400,8313.14,8551.79,8170.71,8517.04,5254.57436501
1526860800,8517.33,8590.00,8320.00,8373.01,6187.14637471
1526947200,8378.99,8455.00,8119.38,8187.98,7451.84136757
1527033600,8187.99,8205.00,7435.49,7590.34,17594.60433355
1527120000,7599.99,7733.99,7267.24,7585.48,12868.64033459
1527206400,7577.75,7661.07,7328.13,7427.02,10347.10520898
1527292800,7427.01,7622.87,7360.50,7519.28,3736.77290715
1527379200,7522.24,7614.90,7213.09,7302.99,3966.94064182
1527465600,7301.98,7445.00,7170.00,7239.22,5478.92170087
1527552000,7239.99,7537.00,7026.90,7470.00,11183.43966417
1527638400,7470.00,7559.00,7273.89,7314.06,9056.41240986
1527724800,7311.52,7601.23,7307.84,7539.49,7144.69915594
1527811200,7530.97,7620.01,7348.45,7436.58,7529.62749686
1527897600,7436.69,7700.00,7394.40,7659.65,4410.38668444
1527984000,7659.62,7790.69,7581.03,7709.25,4221.22804114
1528070400,7701.37,7764.44,7449.68,7499.99,6881.02778141
1528156800,7499.99,7685.00,7360.00,7620.00,9813.63875655
1528243200,7620.00,7685.00,7482.61,7527.99,6782.42771914
1528329600,7527.99,7750.00,7510.72,7692.51,8251.72686914
1528416000,7690.65,7697.93,7542.00,7630.70,4816.62482582
1528502400,7630.90,7686.45,7573.36,7619.00,2113.69836810
1528588800,7619.00,7636.59,6627.70,6839.60,12221.36336692
1528675200,6841.41,6843.35,6634.86,6757.23,13247.34099523
1528761600,6757.52,6919.97,6461.42,6514.60,8214.49300541
1528848000,6511.81,6624.45,6120.00,6292.50,19543.95812112
1528934400,6286.39,6708.10,6230.87,6644.89,14744.05479315
1529020800,6644.69,6691.28,6473.00,6551.46,7135.62754013
1529107200,6550.94,6557.82,6333.63,6490.63,4092.65058291
1529193600,6497.91,6575.35,6450.00,6512.35,2530.40811595
1529280000,6513.59,6793.00,6381.25,6693.06,6130.36345663
1529366400,6695.78,6841.81,6660.21,6742.36,5380.46540148
1529452800,6748.65,6809.26,6558.95,6752.69,5503.99546740
1529539200,6752.85,6792.20,6677.85,6720.00,4538.42175425
1529625600,6720.00,6754.16,6085.59,6194.37,15828.30964445
1529712000,6201.63,6220.00,5940.00,6146.81,7206.96725767
1529798400,6146.81,6261.00,5780.00,6192.99,11330.46678051
1529884800,6192.99,6365.34,6075.01,6257.43,10034.23199105
1529971200,6257.43,6280.00,6120.00,6171.10,6535.84546184
1530057600,6167.38,6264.00,5985.00,6142.79,8367.19138587
1530144000,6142.09,6181.11,6052.01,6088.98,5350.88279491
1530230400,6084.01,6098.73,5774.72,5876.69,12984.82413126
1530316800,5877.48,6510.00,5877.48,6325.68,9817.40521536
1530403200,6325.67,6438.55,6259.34,6320.77,3850.25941940
1530489600,6314.86,6667.57,6270.69,6615.84,8761.24935974
1530576000,6615.41,6666.00,6533.00,6603.82,5183.60490105
1530662400,6608.97,6792.28,6413.20,6687.96,7253.69026105
1530748800,6687.95,6700.00,6445.31,6506.64,8135.74037139
1530835200,6507.53,6636.15,6449.76,6567.12,5541.30150568
1530921600,6564.61,6624.79,6510.00,6541.45,3541.76949350
1531008000,6541.45,6820.00,6510.00,6760.98,5762.46590840
1531094400,6761.02,6769.34,6657.01,6706.79,6841.81947586
1531180800,6707.04,6814.72,6298.95,6373.75,9207.28846486
1531267200,6375.65,6407.51,6270.84,6350.00,7242.39615852
1531353600,6352.99,6381.25,6085.59,6174.76,6833.30588855
1531440000,6179.38,6337.25,6072.00,6174.99,6453.55735204
1531526400,6177.35,6298.00,6121.01,6267.99,2984.62752103
1531612800,6269.53,6397.21,6205.47,6362.99,3642.33472002
1531699200,6362.99,6724.78,6333.63,6675.01,8631.31427507
1531785600,6674.96,7468.31,6641.35,7295.13,12282.32400303
1531872000,7295.13,7599.98,7269.84,7400.00,13295.37751701
1531958400,7393.77,7513.00,7239.15,7448.08,9094.31600840
1532044800,7448.08,7696.88,7265.00,7344.97,9911.89125000
1532131200,7344.99,7449.66,7212.00,7424.99,4833.20246646
1532217600,7418.61,7551.94,7336.15,7520.01,3527.88320266
1532304000,7523.21,7800.00,7338.91,7744.19,13226.33108653
1532390400,7746.99,8356.40,7690.16,8266.41,17649.72511469
1532476800,8266.41,8496.96,8049.22,8163.45,11063.41172615
1532563200,8168.35,8314.77,8126.84,8262.23,5775.89402339
1532649600,8260.86,8287.84,7798.48,8208.76,11713.32522328
1532736000,8207.01,8274.98,8051.43,8192.48,3317.56133561
1532822400,8186.67,8299.99,8109.74,8212.00,3701.08923134
1532908800,8212.00,8295.00,7853.01,8111.99,10489.21087646
1532995200,8113.99,8198.69,7657.13,7751.32,11898.16501092
1533081600,7751.96,7777.00,7451.00,7560.40,10862.36214789
1533168000,7560.40,7709.98,7440.00,7537.99,7328.10046028
1533254400,7539.45,7576.99,7286.41,7377.98,8763.89035716
1533340800,7377.99,7494.48,6926.00,6991.01,7327.74459211
1533427200,6991.99,7086.80,6888.88,7013.18,5925.47084128
1533513600,7013.17,7157.93,6843.35,6938.84,6277.29471707
1533600000,6938.84,7155.00,6835.06,6999.80,7399.08374395
1533686400,6999.79,7005.00,6121.00,6338.49,17870.81627835
1533772800,6331.83,6550.00,6190.01,6471.60,9623.79889089
1533859200,6469.16,6627.00,6295.73,6407.89,10416.77609554
1533945600,6404.80,6494.13,5995.75,6393.13,10908.28457010
1534032000,6396.67,6493.77,6163.44,6321.56,6881.25403688
1534118400,6321.57,6544.37,6142.20,6237.06,9132.18728364
1534204800,6235.67,6300.00,5880.00,6090.64,13834.83437908
1534291200,6084.00,6628.50,6061.02,6378.44,11714.02884408
1534377600,6373.28,6477.57,6208.37,6405.90,7650.55006870
1534464000,6407.29,6562.00,6223.92,6501.77,7319.98884037
1534550400,6497.92,6615.00,6303.00,6366.64,3728.96163115
1534636800,6372.68,6470.00,6312.00,6380.99,2628.78088329
1534723200,6380.61,6545.00,6361.24,6446.67,4585.50024244
1534809600,6448.43,6478.45,6223.90,6433.79,7339.60008953
1534896000,6434.73,6906.81,6381.25,6435.00,9491.89739326
1534982400,6432.34,6495.00,6250.00,6419.70,6656.40941972
1535068800,6420.92,6646.59,6408.00,6619.99,6418.73301589
1535155200,6617.17,6800.00,6597.67,6710.33,5176.67632899
1535241600,6705.01,6775.34,6558.95,6707.48,3755.79072583
1535328000,6707.91,6775.34,6641.35,6737.72,4875.91941475
1535414400,6737.72,7120.00,6705.30,7092.46,8735.32657970
1535500800,7093.29,7125.28,6890.00,7005.71,5920.25480125
1535587200,6996.66,7062.73,6792.85,6813.84,6309.99376666
1535673600,6814.49,7101.03,6803.20,7041.00,6538.93686479
1535760000,7041.00,7300.18,6998.87,7253.13,4123.11957946
1535846400,7248.50,7334.50,7130.63,7308.02,3855.01769129
1535932800,7308.02,7340.08,7184.00,7306.08,2753.28334365
1536019200,7306.08,7411.85,7231.00,7348.48,4649.98762758
1536105600,7346.50,7387.00,6832.56,6902.55,10513.60403280
1536192000,6899.89,6984.50,6253.29,6455.31,15745.90505829
1536278400,6452.75,6525.00,6322.00,6417.53,7296.53243299
1536364800,6418.99,6465.46,6123.00,6180.00,3950.28050168
1536451200,6180.01,6451.51,6094.38,6381.99,3899.77868968
1536537600,6375.43,6390.20,6208.38,6288.50,5772.30604698
1536624000,6291.34,6405.00,6162.06,6255.88,7003.21926852
1536710400,6262.40,6349.00,6192.89,6308.92,4410.57724999
1536796800,6308.92,6537.46,6287.36,6450.11,6591.80889627
1536883200,6444.04,6587.00,6384.36,6540.21,4881.48366586
1536969600,6539.03,6570.10,6461.42,6537.41,1618.42235042
1537056000,6533.96,6539.99,6349.47,6504.99,1186.12308744
1537142400,6501.00,6530.24,6222.00,6266.23,3447.61275206
1537228800,6269.93,6390.00,6200.00,6300.50,4721.16835477
1537315200,6303.35,6510.00,6100.00,6410.00,6871.58981327
1537401600,6410.55,6460.00,6370.00,6418.59,4672.11791586
1537488000,6418.59,6775.34,6333.63,6753.09,9150.70298278
1537574400,6752.07,6826.28,6624.79,6716.98,5787.59777519
1537660800,6719.58,6774.91,6659.00,6685.75,3384.28446832
1537747200,6684.94,6723.18,6558.95,6619.31,3818.69743680
1537833600,6621.26,6635.44,6324.96,6360.38,7316.43758777
1537920000,6357.84,6540.00,6357.84,6487.56,5309.82481347
1538006400,6487.56,6667.98,6429.23,6651.99,4546.11891480
1538092800,6656.10,6792.28,6525.67,6670.00,8869.94431695
1538179200,6669.44,6678.62,6454.00,6565.24,3179.09527972
1538265600,6558.81,6628.06,6539.39,6575.99,2328.26780248
1538352000,6575.00,6638.15,6477.57,6551.96,5002.39796185
1538438400,6552.49,6608.26,6447.28,6530.49,4189.93455063
1538524800,6530.49,6545.82,6396.34,6433.60,4623.97439004
1538611200,6432.02,6604.89,6413.20,6565.92,3945.07330286
1538697600,6566.00,6594.94,6510.00,6538.29,3144.89761787
1538784000,6538.29,6641.35,6526.28,6547.07,3015.04717225
1538870400,6540.00,6561.25,6493.92,6531.86,1498.33662490
1538956800,6531.39,6656.63,6519.70,6630.54,4883.27520608
1539043200,6629.56,6637.44,6553.13,6585.04,2131.73716856
1539129600,6583.73,6594.35,6387.91,6537.61,5355.01815023
1539216000,6537.73,6546.86,6055.28,6197.67,8593.76882164
1539302400,6194.88,6243.79,6109.00,6215.73,4252.27140701
1539388800,6215.73,6222.91,6168.83,6202.39,2076.17259592
1539475200,6202.39,6349.47,6181.71,6243.58,2101.69897426
1539561600,6243.58,6756.00,6143.08,6390.00,16332.87223436
1539648000,6389.98,6493.77,6359.56,6436.87,4921.45471715
1539734400,6435.53,6489.00,6407.69,6431.78,3556.59814895
1539820800,6428.40,6490.00,6350.00,6399.93,3524.60715831
1539907200,6399.93,6412.40,6355.34,6386.45,2704.40653253
1539993600,6386.45,6424.16,6363.02,6399.17,1356.42994235
1540080000,6399.17,6470.00,6393.59,6438.89,1345.91391706
1540166400,6434.81,6438.90,6372.53,6389.73,2423.68326783
1540252800,6390.85,6421.58,6354.26,6406.87,2828.43101376
1540339200,6404.01,6473.00,6385.00,6421.33,3465.89346662
1540425600,6421.32,6435.80,6361.73,6410.00,3162.38655185
1540512000,6410.00,6450.30,6377.81,6403.78,3383.36631153
1540598400,6402.96,6420.01,6381.25,6402.00,983.07023418
1540684800,6402.00,6420.00,6383.00,6390.95,695.56915045
1540771200,6390.95,6420.00,6208.37,6245.03,5120.95573900
1540857600,6242.81,6289.00,6231.78,6259.01,2546.88983890
1540944000,6258.38,6350.00,6199.25,6305.00,5190.94512700
1541030400,6305.00,6340.00,6288.01,6320.60,1970.29341021
1541116800,6320.60,6381.25,6317.31,6355.74,2953.57154403
1541203200,6350.37,6364.98,6312.48,6332.58,1020.40175423
1541289600,6332.25,6475.00,6310.57,6440.00,2566.70411161
1541376000,6439.21,6446.94,6369.89,6372.30,2388.07312351
1541462400,6372.23,6457.89,6372.23,6423.41,3648.95079443
1541548800,6423.41,6544.00,6413.38,6512.43,5338.99206605
1541635200,6512.43,6514.33,6388.88,6413.88,4004.70755649
1541721600,6413.95,6432.00,6309.00,6330.58,3278.88051277
1541808000,6330.58,6377.26,6307.00,6352.18,1817.10812407
1541894400,6352.18,6369.30,6269.46,6318.47,1614.64423115
1541980800,6318.47,6388.21,6310.00,6318.96,2930.99026588
1542067200,6318.11,6335.03,6244.35,6261.87,3935.46502049
1542153600,6262.76,6298.47,5533.09,5559.10,17326.70444369
1542240000,5559.99,5641.00,5199.80,5510.76,26038.51601563
1542326400,5511.30,5610.00,5414.14,5536.54,8705.62195519
1542412800,5536.54,5550.66,5411.74,5487.14,3952.00751631
1542499200,5490.58,5568.60,5470.00,5568.60,1945.56328011
1542585600,5568.60,5658.47,4934.52,4945.43,20970.66624517
1542672000,4945.78,5033.73,4237.09,4545.13,37764.68327948
1542758400,4541.56,4635.00,4048.58,4428.14,28074.03372578
1542844800,4428.74,4589.53,4333.38,4433.00,9823.70994251
1542931200,4432.52,4476.35,4061.02,4226.32,16215.04596726
1543017600,4225.74,4376.88,4180.00,4209.18,4997.33945631
1543104000,4205.04,4213.32,3474.73,3694.66,30011.23714026
1543190400,3699.09,4120.00,3522.28,3813.65,24641.06916602
1543276800,3812.45,3868.78,3548.76,3725.55,21335.77413529
1543363200,3723.79,4237.09,3677.38,4233.00,19535.32130184
1543449600,4237.09,4409.77,4086.97,4217.52,18840.07570223
1543536000,4214.55,4300.00,3861.00,3970.20,15375.26811271
1543622400,3970.19,4264.47,3872.84,4202.88,7452.16089959
1543708800,4197.84,4265.00,4030.00,4098.06,6541.38057321
1543795200,4099.33,4184.47,3747.00,3835.49,10573.04179705
1543881600,3834.80,4033.98,3730.00,3908.63,12195.25099737
1543968000,3910.44,3927.95,3662.35,3732.72,12466.33676744
1544054400,3729.38,3844.79,3548.76,3595.43,14552.52985535
1544140800,3591.63,3645.05,3210.00,3240.33,23377.05491798
1544227200,3240.33,3531.00,3239.99,3384.16,13817.91882774
1544313600,3382.14,3633.20,3241.00,3563.88,9877.32686660
1544400000,3563.88,3588.43,3376.00,3402.40,9042.83763630
1544486400,3401.01,3427.27,3292.65,3344.60,10089.22457282
1544572800,3346.05,3490.00,3322.43,3447.70,7537.01492446
1544659200,3447.00,3460.00,3334.64,3382.50,8224.49716045
1544745600,3379.00,3383.30,3158.00,3178.30,15999.43527698
1544832000,3179.83,3260.26,3122.28,3152.84,7800.41032614
1544918400,3150.08,3259.43,3147.29,3206.11,6293.32046472
1545004800,3205.03,3537.07,3180.00,3533.00,13049.27809867
1545091200,3533.00,3590.00,3422.77,3491.63,14612.23627866
1545177600,3492.89,3924.01,3491.06,3795.89,21503.39477691
1545264000,3792.34,4172.07,3650.00,4044.29,24456.58134916
1545350400,4048.27,4162.00,3886.66,3939.30,17393.94363543
1545436800,3939.40,3956.30,3770.00,3853.09,9550.21818491
1545523200,3857.12,4051.00,3830.02,3980.00,6194.79673838
1545609600,3986.91,4236.84,3904.82,4053.00,11136.02315898
1545696000,4053.00,4075.00,3674.73,3735.33,11854.44466550
1545782400,3732.93,3863.34,3678.80,3755.97,9363.88347371
1545868800,3757.57,3841.17,3692.71,3740.85,10319.33131181
1545955200,3740.43,3915.50,3566.00,3865.19,13885.57198531
1546041600,3865.72,3970.00,3813.76,3836.02,7511.65808146
1546128000,3832.46,3942.90,3688.76,3812.05,6763.53396821
1546214400,3811.45,3852.27,3706.00,3750.76,6639.10502826
1546300800,3750.62,3752.01,3629.66,3659.81,4860.34621925
1546387200,3659.35,3890.00,3659.35,3850.00,5710.02508750
1546473600,3850.00,3918.67,3760.00,3782.09,5678.79232135
1546560000,3783.45,3850.33,3732.38,3757.66,6749.60696872
1546646400,3757.66,3887.09,3753.04,3845.58,4141.24546102
1546732800,3846.58,4090.00,3753.00,4050.00,4994.21823610
1546819200,4045.47,4070.00,3964.01,4015.00,7410.80377828
1546905600,4015.00,4112.00,3934.73,4003.70,11552.82952442
1546992000,4001.61,4060.00,3948.44,4009.71,7925.55102007
1547078400,4009.87,4036.22,3503.44,3613.98,14789.68488721
1547164800,3610.90,3677.84,3581.61,3653.46,11028.57319601
1547251200,3653.94,3704.60,3557.09,3631.04,4501.88001152
1547337600,3630.62,3654.02,3476.00,3504.24,4591.73614009
1547424000,3504.24,3704.47,3483.75,3676.34,9015.26320105
1547510400,3676.34,3714.00,3610.09,3632.65,7706.29673436
1547596800,3632.66,3669.00,3534.68,3608.07,8763.11957911
1547683200,3608.81,3650.00,3534.25,3632.54,7995.44379393
1547769600,3633.27,3660.00,3582.82,3600.00,5507.18932702
1547856000,3600.00,3774.00,3577.00,3703.95,4443.42075760
1547942400,3701.03,3707.99,3470.00,3519.38,5150.69353837
1548028800,3519.37,3573.29,3505.86,3542.20,5615.12493934
1548115200,3542.20,3597.00,3401.36,3590.67,6992.44796446
1548201600,3589.30,3620.23,3544.26,3580.00,5310.65493243
1548288000,3580.10,3580.96,3518.00,3560.82,5595.36004797
1548374400,3561.36,3598.00,3511.00,3543.24,5228.88080786
1548460800,3543.34,3657.89,3536.51,3560.56,3083.52133381
1548547200,3560.18,3567.70,3456.00,3545.35,3656.08154121
1548633600,3545.35,3553.75,3357.30,3417.37,9767.88283051
1548720000,3416.24,3442.01,3322.19,3400.69,7332.23513447
1548806400,3399.13,3465.05,3372.34,3444.50,5567.56978071
1548892800,3443.64,3474.20,3392.60,3400.32,5970.58127275
1548979200,3402.71,3445.15,3364.53,3441.00,6709.65516522
1549065600,3441.00,3460.00,3406.38,3431.65,3076.99590060
1549152000,3431.73,3485.00,3402.60,3421.93,2817.78095618
1549238400,3422.22,3439.46,3384.67,3417.14,3585.76394894
1549324800,3417.60,3435.00,3396.00,3420.80,3998.62147286
1549411200,3419.30,3445.60,3328.70,3367.82,6071.45797959
1549497600,3367.82,3383.29,3353.50,3358.79,4365.99643300
1549584000,3360.18,3711.04,3337.91,3620.05,12901.87372092
1549670400,3622.09,3639.74,3572.74,3605.86,5729.84797656
1549756800,3604.99,3631.99,3576.16,3609.00,3784.84315338
1549843200,3609.79,3662.43,3578.70,3594.90,7610.36788447
1549929600,3595.00,3619.93,3548.28,3597.46,9395.02777931
1550016000,3594.89,3629.81,3541.00,3578.70,8934.98534188
1550102400,3579.08,3590.74,3531.01,3574.68,5881.45260997
1550188800,3573.30,3620.53,3544.88,3566.76,6508.79068247
1550275200,3567.86,3609.00,3556.60,3592.51,3605.72806097
1550361600,3592.51,3663.34,3553.98,3572.56,4307.65632915
1550448000,3572.56,3916.47,3564.16,3882.45,14472.03444545
1550534400,3882.45,4000.00,3829.13,3927.90,13266.77012789
1550620800,3927.90,3967.52,3861.49,3924.17,9958.00614660
1550707200,3924.57,3989.99,3866.25,3880.25,8821.96343165
1550793600,3880.41,3957.00,3877.34,3940.69,6219.77061803
1550880000,3938.75,4137.00,3905.63,4092.39,7131.78789592
1550966400,4092.63,4190.00,3714.42,3777.65,13498.41732825
1551052800,3780.42,3861.81,3725.13,3857.20,9416.37927648
1551139200,3858.78,3860.94,3760.09,3792.86,7106.56086991
1551225600,3792.86,3822.85,3774.00,3796.85,5466.66174305
1551312000,3796.08,3897.62,3658.19,3815.17,8846.21620175
1551398400,3814.63,3845.30,3783.62,3834.34,4815.76752389
1551484800,3834.20,3839.89,3760.00,3803.95,3954.22782680
1551571200,3802.31,3822.39,3772.48,3791.06,2263.89101237
1551657600,3790.04,3806.90,3670.00,3708.70,6393.59780490
1551744000,3709.19,3877.10,3680.20,3838.42,7946.50817650
1551830400,3837.69,3895.12,3808.80,3849.03,6407.86243190
1551916800,3849.93,3891.04,3826.13,3869.47,7891.55340418
1552003200,3868.97,3924.37,3844.97,3888.00,6198.86046604
1552089600,3889.21,3950.25,3760.10,3908.21,6833.94533425
1552176000,3908.30,3920.83,3862.00,3882.61,3194.50215977
1552262400,3883.21,3912.89,3812.64,3841.46,6481.99309598
1552348800,3841.46,3877.69,3791.07,3854.98,5645.98534617
1552435200,3855.32,3874.68,3820.00,3853.30,4504.42705927
1552521600,3853.30,3903.98,3775.01,3851.14,5048.56556779
1552608000,3849.42,3912.06,3843.09,3905.53,6085.58509936
1552694400,3906.77,4040.00,3883.02,3976.53,7451.66736827
1552780800,3977.31,3992.70,3927.28,3972.84,2597.64364836
1552867200,3973.46,4016.63,3929.83,3962.57,5385.89284506
1552953600,3962.85,4012.63,3947.15,3994.57,5262.95671109
1553040000,3992.64,4021.02,3962.60,4011.90,5861.27412067
1553126400,4012.78,4055.35,3919.63,3974.79,8024.81770487
1553212800,3973.51,4000.81,3958.94,3991.43,3531.92369680
1553299200,3988.59,4001.17,3957.11,3971.97,2388.97402687
1553385600,3971.97,3985.77,3955.00,3961.00,1988.50733685
1553472000,3960.97,3980.22,3850.45,3897.69,6666.33944423
1553558400,3899.97,3936.36,3872.14,3913.90,4528.49124296
1553644800,3915.21,4036.43,3904.65,4005.00,7781.11772718
1553731200,4005.00,4037.11,3992.60,4011.19,4384.86612371
1553817600,4011.19,4102.57,4005.00,4077.40,8181.07445764
1553904000,4076.64,4130.36,4040.00,4078.01,4183.87191146
1553990400,4074.63,4101.70,4074.29,4095.43,2473.45005911
1554076800,4096.77,4150.00,4052.56,4133.80,6867.01095112
1554163200,4132.19,5080.00,4122.08,4759.87,26704.26387533
1554249600,4759.86,5190.00,4743.85,5142.23,24195.79787407
1554336000,5146.89,5345.00,4800.50,4823.13,23073.15697792
1554422400,4828.08,5065.36,4778.59,5012.00,14368.24668214
1554508800,5011.77,5240.00,4963.26,5156.10,8744.24470393
1554595200,5149.90,5176.96,4900.00,5134.67,9646.05071620
1554681600,5137.56,5347.37,5106.51,5201.53,15196.59860641
1554768000,5199.18,5317.54,5136.01,5215.80,9792.52265153
1554854400,5215.80,5466.06,5155.00,5402.01,9903.67968702
1554940800,5400.93,5422.74,4966.87,5073.78,16158.81624403
1555027200,5069.01,5122.48,4912.00,5057.29,8641.89304508
1555113600,5057.29,5122.01,5027.70,5078.19,4739.67784297
1555200000,5073.93,5110.00,5012.73,5087.20,3003.42335883
1555286400,5087.71,5192.01,4983.71,5015.84,7160.66725489
1555372800,5014.04,5231.96,4948.57,5191.57,7735.75670017
1555459200,5190.53,5275.07,5170.01,5237.36,7295.17846739
1555545600,5230.71,5325.00,5199.99,5290.97,6236.75114471
1555632000,5288.83,5357.96,5180.37,5296.38,5426.91354055
1555718400,5292.58,5362.97,5249.75,5318.89,3555.15093736
1555804800,5324.72,5346.91,5212.80,5259.38,4613.02524879
1555891200,5260.85,5439.12,5232.00,5387.58,6720.25282879
1555977600,5387.55,5627.00,5358.16,5588.94,10006.33842809
1556064000,5588.94,5623.30,5372.00,5431.44,11098.07216601
1556150400,5429.71,5510.00,5373.47,5487.44,6079.70956923
1556236800,5486.25,5500.45,4991.42,5081.38,18427.24417735
1556323200,5081.27,5212.80,5077.28,5202.68,4520.06203010
1556409600,5200.14,5218.31,5100.00,5144.28,3827.80622284
1556496000,5144.28,5191.96,5071.58,5154.40,5613.38656847
1556582400,5155.68,5287.40,5096.97,5234.42,5361.03059875
1556668800,5234.42,5357.96,5224.25,5300.97,4425.83315814
1556755200,5300.97,5422.94,5283.64,5399.38,5473.96183407
1556841600,5399.75,5796.56,5363.10,5675.26,12713.00025999
1556928000,5675.26,5820.00,5510.00,5609.42,7171.41312574
1557014400,5613.89,5846.13,5610.87,5701.10,6496.17572966
1557100800,5702.00,5782.55,5562.44,5734.61,6911.72486344
1557187200,5738.62,5970.00,5660.51,5843.11,10172.92441383
1557273600,5845.68,5914.00,5658.66,5900.71,6271.75923729
1557360000,5903.83,6099.00,5843.32,6064.71,9374.09162534
1557446400,6063.82,6426.80,6043.47,6368.52,13217.66542923
1557532800,6369.84,7044.58,6230.00,6937.87,17474.53146349
1557619200,6937.22,7585.00,6762.57,7012.95,30880.31103192
1557705600,7029.39,7977.70,6860.46,7909.00,23343.13086932
1557792000,7899.21,8335.56,7421.00,7771.42,23487.62387440
1557878400,7779.77,8266.05,7618.99,8198.50,16758.92580210
1557964800,8198.00,8390.95,7746.75,7846.02,17019.48161696
1558051200,7838.95,7960.60,6178.00,7143.49,26615.05680276
1558137600,7134.68,7493.85,7059.29,7233.96,9927.11055001
1558224000,7241.05,8150.33,7229.23,7952.64,12847.62694817
1558310400,7952.63,8299.99,7581.03,7815.57,14539.03268363
1558396800,7821.87,8150.00,7676.27,8024.71,8528.49267870
1558483200,8024.71,8117.48,7754.97,7936.55,6683.41965354
1558569600,7931.77,7949.35,7468.31,7793.48,9582.98831035
1558656000,7788.27,8188.87,7772.71,8061.99,10094.97936300
1558742400,8066.46,8158.45,7935.00,8015.54,3940.04019973
1558828800,8012.82,8621.52,7888.91,8586.88,4847.62919494
1558915200,8585.77,8939.18,8527.11,8808.53,12375.03865873
1559001600,8815.28,8852.89,8540.94,8698.78,5691.07622628
1559088000,8697.15,8762.39,8421.12,8700.17,7967.27284636
1559174400,8700.17,9096.79,8540.24,8620.00,11079.23331762
1559260800,8617.02,8625.61,8000.00,8439.24,13849.35009882
1559347200,8443.75,8624.72,8425.84,8532.14,5350.06626880
1559433600,8538.54,8833.97,8523.68,8680.63,4671.47780103
1559520000,8680.62,8764.88,8314.39,8567.64,7901.24822997
1559606400,8560.55,8577.12,7505.69,7602.60,15609.41826135
1559692800,7606.93,7894.98,7432.84,7789.05,9773.27105897
1559779200,7790.64,7924.48,7449.68,7597.75,8446.48458310
1559865600,7598.87,8134.99,7578.48,7970.65,9476.02385742
1559952000,7970.30,8074.02,7777.67,7834.93,6105.20633535
1560038400,7831.92,7968.77,7596.16,7748.57,3323.75689639
1560124800,7748.57,8090.00,7511.41,7979.84,7271.52593550
1560211200,7978.59,8057.32,7713.34,7898.30,5482.33400655
1560297600,7898.30,8266.00,7821.73,8175.00,8659.43963556
1560384000,8175.00,8297.95,8049.22,8244.48,6745.31509169
1560470400,8244.79,8475.88,8174.92,8416.01,7412.55474795
1560556800,8418.64,8911.98,8416.98,8859.88,7095.16516194
1560643200,8864.10,9391.85,8762.39,8915.91,14094.27983530
1560729600,8920.70,9424.00,8821.00,9313.19,11585.76649665
1560816000,9306.02,9477.70,8918.00,9075.33,12973.04124279
1560902400,9073.61,9211.04,8941.96,9147.38,4787.74142426
1560988800,9147.38,9550.00,9120.49,9541.40,7009.32952679
1561075200,9546.09,9962.48,9462.71,9906.80,12329.94967226
1561161600,9912.17,11200.00,9845.90,10666.01,14328.90212351
1561248000,10668.67,11025.18,10370.00,10972.59,5922.77461356
1561334400,10973.40,11247.62,10551.51,10895.60,10048.25657322
1561420800,10897.77,11470.81,10800.10,11364.48,11163.27595455
1561507200,11364.48,13880.00,11337.44,13837.96,28779.30941772
1561593600,13837.97,13842.42,10378.55,10818.10,41099.08727774
1561680000,10823.04,12336.24,10300.00,12320.00,22170.60187898
1561766400,12320.00,12447.46,11317.03,11851.93,13107.38606013
1561852800,11864.77,12250.00,10813.23,11231.06,11325.15506180
1561939200,11232.40,11423.00,9950.00,10189.99,22955.23534735
1562025600,10201.88,10861.24,9614.08,10774.83,21469.48180687
1562112000,10774.83,11574.99,10593.40,11277.25,17702.63913772
1562198400,11282.00,12061.04,11214.98,11865.79,11906.54135287
1562284800,11861.86,11866.71,10769.15,11124.82,12450.71099764
1562371200,11125.61,11735.00,10807.13,11521.41,8529.35708560
1562457600,11520.80,11617.20,11050.00,11550.00,6965.15354291
1562544000,11550.00,12258.83,11332.19,12215.21,10705.19111660
1562630400,12215.24,12883.48,12030.43,12510.00,16454.42599053
1562716800,12506.12,13200.00,11850.00,12050.00,16794.43692392
1562803200,12049.56,12199.55,11163.68,11594.73,18512.33513702
1562889600,11593.73,11797.20,10966.81,11637.24,12017.00820796
1562976000,11631.05,11942.39,11010.00,11198.99,7473.84586106
1563062400,11183.64,11485.00,10280.48,10491.31,12510.76425311
1563148800,10478.80,10942.90,9855.00,10861.16,17244.67239000
1563235200,10861.00,11080.37,9467.57,9693.17,17791.76839531
1563321600,9693.17,9993.00,9049.54,9753.75,19701.09603201
1563408000,9758.02,10750.00,9280.33,10530.00,18373.89450309
1563494400,10518.70,10797.00,10102.58,10407.40,14369.81499024
1563580800,10413.92,11050.00,10359.17,10930.00,9269.63134613
1563667200,10935.54,11120.00,10325.00,10420.90,6658.64311178
1563753600,10398.50,10686.89,10052.25,10145.84,9018.29623018
1563840000,10142.17,10388.00,9860.80,10133.07,8722.86022665
1563926400,10142.09,10222.21,9514.96,9648.44,9883.59588015
1564012800,9648.44,10187.00,9550.09,9869.93,6501.53021366
1564099200,9858.83,9948.50,9650.00,9865.66,5796.09195167
1564185600,9862.28,10235.00,9299.00,9399.84,8969.25117991
1564272000,9399.83,9563.77,9300.90,9539.62,2704.22796751
1564358400,9530.20,9725.17,9111.00,9467.32,7039.34192898
1564444800,9467.32,9775.00,9373.48,9603.78,5180.56160591
1564531200,9614.76,10143.20,9514.96,9999.82,7759.96581582
1564617600,9999.82,10348.00,9878.09,10294.65,6968.99803095
1564704000,10290.00,10670.00,10288.49,10472.00,10207.78468828
1564790400,10469.00,10919.00,10361.00,10858.17,7334.19949849
1564876800,10850.52,11043.00,10564.96,10954.33,6422.85720456
1564963200,10961.87,11959.36,10779.04,11750.01,15325.26367734
1565049600,11761.05,12325.00,11500.00,11701.65,17371.31920445
1565136000,11701.59,12145.42,11200.00,11771.56,14241.99548875
1565222400,11771.50,12071.20,11450.93,11562.94,12205.30744417
1565308800,11562.91,12061.10,11490.00,11809.04,8263.43637574
1565395200,11809.01,11976.68,11200.00,11296.47,7480.08133463
1565481600,11298.11,11467.80,11080.37,11369.00,3896.10525465
1565568000,11369.00,11589.73,11194.04,11431.00,4337.67553349
1565654400,11431.53,11454.06,10738.58,10894.73,8240.25551110
1565740800,10894.50,10939.99,10026.74,10119.10,11510.93291069
1565827200,10118.33,10250.00,9467.57,10097.03,15526.56630476
1565913600,10094.96,10540.00,9736.96,10473.97,11767.21098893
1566000000,10473.97,10525.42,9974.51,10176.78,4365.71195738
1566086400,10162.18,10515.00,10034.10,10368.17,3572.00557478
1566172800,10377.19,10834.15,10267.56,10696.92,6716.26611885
1566259200,10696.92,10955.48,10549.74,10727.91,6912.55674347
1566345600,10738.07,10843.00,9853.45,10104.37,9838.22160102
1566432000,10091.29,10238.29,9755.53,10161.82,6847.34894920
1566518400,10161.82,10479.00,10051.00,10420.00,5020.84376409
1566604800,10425.00,10454.31,9885.48,10103.85,5095.79335157
1566691200,10110.09,10355.89,9960.87,10062.76,4181.10433151
1566777600,10059.99,10650.00,9907.86,10308.02,6972.88242268
1566864000,10319.65,10397.81,10019.10,10152.30,5379.84607840
1566950400,10152.34,10280.71,9555.00,9676.74,8548.59008704
1567036800,9676.74,9750.00,9320.00,9502.00,7851.09168236
1567123200,9496.56,9630.00,9350.10,9572.43,5895.21628303
1567209600,9573.45,9700.00,9526.64,9571.07,1531.01864779
1567296000,9584.47,9682.73,9443.19,9633.99,1684.86344444
1567382400,9633.48,10200.00,9604.57,10181.88,4309.02689814
1567468800,10188.84,10783.00,10186.57,10663.98,12269.90568967
1567555200,10650.50,10738.96,10378.70,10715.00,9041.55636931
1567641600,10715.54,10834.15,10461.97,10538.68,6936.90229274
1567728000,10534.39,10949.00,10280.71,10373.87,9445.94041311
1567814400,10384.60,10580.00,10204.18,10492.98,3582.63999603
1567900800,10503.30,10594.88,10229.49,10350.02,3959.19115900
1567987200,10343.42,10542.93,10060.00,10309.59,5879.52516071
1568073600,10315.29,10390.09,9910.00,10005.58,3900.12030737
1568160000,10011.55,10243.01,9855.11,10068.00,5385.72882409
1568246400,10073.33,10375.00,10027.52,10314.00,4588.30667536
1568332800,10312.72,10465.00,10181.58,10219.19,3771.85767047
1568419200,10219.19,10428.12,10153.87,10378.46,2674.54887631
1568505600,10385.54,10441.47,10260.07,10303.68,2184.56461936
1568592000,10303.68,10378.07,10060.95,10118.17,4912.64018377
1568678400,10126.75,10369.67,10115.66,10249.79,5861.58632439
1568764800,10258.60,10280.53,10080.00,10170.66,4029.87457796
1568851200,10176.75,10212.00,9600.00,10108.66,6492.36294726
1568937600,10116.30,10380.07,10055.00,10144.57,5337.00267329
1569024000,10144.69,10185.62,9913.35,10012.12,4340.38811811
1569110400,10012.67,10093.24,9842.35,9980.26,3227.58518453
1569196800,9975.51,10080.00,9682.73,9797.02,4164.75542432
1569283200,9802.57,9824.99,7998.00,8389.00,19696.80594548
1569369600,8388.99,8800.56,8191.14,8348.56,24511.58132324
1569456000,8348.56,8649.00,7733.99,8124.00,18586.99943873
1569542400,8135.45,8165.28,7866.00,7997.92,9444.71881592
1569628800,7997.89,8294.04,7984.97,8160.00,6321.20314367
1569715200,8160.00,8356.40,7902.66,7959.42,5386.38284933
1569801600,7963.64,8368.50,7714.70,8279.81,10279.02088163
1569888000,8286.24,8531.25,8187.05,8310.08,10200.78447670
1569974400,8318.00,8421.98,8170.91,8264.84,5241.90489717
1570060800,8269.67,8419.23,8029.14,8164.07,8442.85679883
1570147200,8158.00,8299.19,7986.65,8200.73,6496.25019284
1570233600,8204.58,8238.74,8016.26,8079.14,4237.76110603
1570320000,8079.14,8195.00,7772.71,7899.98,6387.18546418
1570406400,7905.82,8313.70,7763.54,8226.87,9865.19421928
1570492800,8228.47,8344.12,8150.33,8166.42,3564.19147835
1570579200,8166.56,8707.80,8109.74,8604.02,11207.66062425
1570665600,8607.79,8666.84,8450.61,8589.14,7739.67582724
1570752000,8582.05,8820.00,8283.00,8346.67,7841.04086410
1570838400,8346.67,8427.76,8222.88,8321.69,2338.48972227
1570924800,8320.76,8474.48,8287.84,8448.00,2727.78523730
1571011200,8449.49,8449.50,8132.91,8334.49,5610.29463746
1571097600,8340.15,8420.85,8086.00,8179.18,5255.79564638
1571184000,8172.06,8179.10,7912.66,7954.66,7991.95477195
1571270400,7956.67,8130.71,7936.71,8059.31,6024.13445012
1571356800,8059.31,8120.77,7811.62,7950.62,5665.80955479
1571443200,7953.91,8096.76,7875.00,7978.82,3349.06017908
1571529600,7981.00,8250.00,7874.68,8241.97,5482.50824587
1571616000,8240.55,8352.00,8156.00,8205.00,5240.19153574
1571702400,8205.46,8314.77,8143.79,8169.23,5228.02186883
1571788800,8167.23,8168.95,7293.55,7487.76,13149.71834998
1571875200,7490.96,7512.00,7356.00,7484.84,6156.23447287
1571961600,7482.42,8784.29,7393.14,8638.39,16541.78788796
1572048000,8646.05,10350.00,8561.84,9022.09,40003.43297096
1572134400,9015.73,9819.92,9011.21,9730.38,15885.58237597
1572220800,9736.54,9950.00,9258.06,9417.04,16242.10547804
1572307200,9422.90,9573.35,9051.48,9244.21,9505.47776517
1572393600,9232.94,9514.96,8985.25,9206.51,9738.64159687
1572480000,9210.45,9438.61,8961.53,9235.75,8904.81847475
1572566400,9229.33,9303.53,9028.90,9184.70,8114.66903863
1572652800,9179.49,9396.91,9179.49,9327.99,2780.79354892
1572739200,9326.56,9384.32,9106.70,9162.92,2096.72581087
1572825600,9164.73,9345.00,9067.00,9270.58,3682.53650443
1572912000,9271.29,9586.50,9165.20,9336.87,6325.58893872
1572998400,9339.57,9448.19,9254.68,9307.00,4510.49183127
1573084800,9307.00,9373.48,9129.49,9210.84,4158.24892478
1573171200,9210.77,9257.18,8661.00,8808.11,9520.11523284
1573257600,8804.93,8885.82,8720.00,8772.86,2565.14459659
1573344000,8772.86,9142.33,8750.85,9047.14,2943.18003186
1573430400,9046.99,9100.00,8593.00,8752.54,6443.35268564
1573516800,8758.91,8872.47,8549.00,8732.73,4495.93140244
1573603200,8744.24,8839.46,8700.00,8735.02,3510.73978146
1573689600,8735.02,8791.78,8555.00,8622.57,3364.25499648
1573776000,8630.37,8799.03,8363.00,8479.42,5105.57818334
1573862400,8479.44,8539.53,8423.00,8470.30,1357.32499060
1573948800,8470.85,8589.10,8375.00,8534.20,1703.51268046
1574035200,8534.20,8631.60,8010.70,8181.07,4692.27168251
1574121600,8181.17,8231.40,7989.15,8088.86,4691.17521282
1574208000,8088.86,8231.04,8027.28,8095.36,2982.58142646
1574294400,8095.36,8116.92,7394.09,7578.01,8773.09389727
1574380800,7575.86,7714.70,6785.00,7236.09,17757.67446158
1574467200,7238.07,7388.00,7102.16,7321.68,8561.41237367
1574553600,7322.01,7349.68,6919.00,7085.04,5408.67238556
1574640000,7085.04,7380.00,6515.00,7267.12,18906.89610385
1574726400,7276.40,7344.91,7018.78,7098.37,7527.33658955
1574812800,7100.57,7668.00,6847.72,7517.76,14417.99822295
1574899200,7510.72,7676.27,7422.85,7595.01,7364.63476388
1574985600,7594.37,7870.35,7372.19,7755.38,8320.24488259
1575072000,7746.25,7815.00,7452.08,7484.43,5451.73858849
1575158400,7486.40,7576.19,7233.87,7317.23,4931.73527527
1575244800,7317.23,7458.15,7140.08,7275.11,5043.71281837
1575331200,7280.23,7415.00,7238.04,7359.62,2649.11251902
1575417600,7359.62,7772.71,7087.09,7489.63,6175.24910694
1575504000,7486.94,7503.63,7100.00,7356.33,5597.47312083
1575590400,7356.34,7618.99,7305.56,7459.23,4435.60633892
1575676800,7453.98,7638.88,7420.00,7499.12,2549.53532761
1575763200,7499.12,7580.00,7382.69,7529.20,1678.42218207
1575849600,7529.20,7666.00,7383.90,7450.62,4602.69660591
1575936000,7450.62,7450.62,7150.23,7224.00,5670.95224313
1576022400,7218.07,7271.00,7122.28,7180.02,3757.91215581
1576108800,7186.50,7296.19,7072.20,7212.24,3869.74290049
1576195200,7205.66,7302.35,7176.90,7229.09,3564.03167130
1576281600,7228.31,7269.00,7007.48,7088.44,2338.71498978
1576368000,7095.96,7225.23,7007.00,7113.40,1732.52282980
1576454400,7114.51,7147.91,6820.00,6910.19,5189.53857890
1576540800,6910.19,6938.77,6630.00,6704.29,5620.50765897
1576627200,6711.90,6923.82,6425.00,6871.29,11011.90032444
1576713600,6872.44,7449.68,6855.26,7160.61,9662.33339977
1576800000,7149.48,7218.11,7072.61,7193.99,3450.56908312
1576886400,7194.00,7217.00,7109.73,7148.07,1862.18111891
1576972800,7146.95,7434.46,7123.24,7395.82,2065.08466828
1577059200,7399.41,7692.98,7360.00,7399.65,6994.82293695
1577145600,7399.66,7439.54,7156.00,7203.23,5333.75736412
1577232000,7194.99,7270.64,7110.73,7162.05,1679.80049846
1577318400,7168.78,7381.83,7160.00,7353.95,2112.79048730
1577404800,7353.95,7432.00,7052.00,7212.53,4997.92091974
1577491200,7212.76,7349.65,7169.64,7316.68,1811.46314673
1577577600,7325.08,7423.86,7274.43,7422.00,1453.67402888
1577664000,7421.35,7524.46,7199.00,7223.57,4139.65910272
1577750400,7224.31,7302.35,7112.55,7139.78,3204.03086902
1577836800,7145.05,7237.35,7129.55,7225.58,1211.09527025
1577923200,7220.00,7224.75,6900.00,6953.17,2993.02410970
1578009600,6956.64,7402.31,6853.53,7339.97,8452.87552534
1578096000,7339.97,7396.10,7247.73,7291.27,3605.74269447
1578182400,7294.00,7495.00,7269.71,7430.83,2614.94778349
1578268800,7431.63,7614.95,7310.00,7525.46,4138.11820107
1578355200,7531.73,8134.95,7516.97,8050.00,13507.54693697
1578441600,8050.00,8463.57,7955.23,8051.10,10516.20146026
1578528000,8046.15,8108.75,7777.00,7806.41,7237.03905570
1578614400,7806.45,8140.00,7667.00,8026.86,8450.23322142
1578700800,8027.93,8252.72,7969.22,8154.54,4950.81074571
1578787200,8158.38,8286.00,7960.00,8113.39,2932.16841251
1578873600,8114.82,8196.81,8039.00,8100.68,3812.41193517
1578960000,8100.68,8863.72,8096.98,8772.58,15386.60420026
1579046400,8768.70,8903.20,8555.00,8734.45,9645.33164652
1579132800,8734.45,8865.00,8573.91,8665.13,7084.92333095
1579219200,8667.23,9015.22,8656.36,8901.21,9077.52481648
1579305600,8913.09,8983.93,8798.90,8865.47,3932.87892086
1579392000,8874.60,9188.10,8461.38,8640.60,7222.02145592
1579478400,8641.38,8754.37,8469.67,8648.18,6256.94660207
1579564800,8651.36,8740.54,8589.10,8611.63,2746.26588579
1579651200,8612.47,8792.98,8480.00,8641.26,4074.23892499
1579737600,8648.12,8665.95,8280.00,8307.63,7687.89197865
1579824000,8307.63,8530.70,8212.90,8472.11,7080.24639123
1579910400,8470.52,8515.00,8252.72,8323.00,2504.69946614
1579996800,8323.00,8600.00,8276.22,8553.43,6192.80475585
1580083200,8553.43,8880.00,8519.63,8866.02,7028.36707132
1580169600,8867.29,9188.00,8848.47,8972.02,10731.33639859
1580256000,8973.16,9429.99,8960.00,9355.82,7681.42046278
1580342400,9355.82,9521.34,9166.07,9476.82,7626.87613089
1580428800,9482.74,9570.00,9195.93,9289.11,5822.41271860
1580515200,9297.20,9464.16,9278.45,9377.20,2199.02820283
1580601600,9377.20,9474.28,9135.00,9437.47,2600.24436526
1580688000,9438.00,9615.00,9211.07,9303.30,5044.26964025
1580774400,9306.70,9348.60,9075.00,9161.10,4908.65513965
1580860800,9161.10,9775.00,9119.53,9680.03,6684.55294807
1580947200,9680.05,9859.57,9521.00,9750.00,8021.21402762
1581033600,9743.91,9878.00,9635.57,9776.03,4799.51748739
1581120000,9783.03,9899.00,9658.58,9848.47,3155.77587674
1581206400,9843.30,10178.54,9840.00,10077.87,4510.90402059
1581292800,10077.87,10199.85,9731.20,9839.25,7759.33866139
1581379200,9839.25,10383.90,9706.94,10251.82,7560.45183817
1581465600,10263.46,10495.00,10209.00,10359.83,6994.10382405
1581552000,10360.42,10500.50,10068.00,10191.10,9586.95127396
1581638400,10191.10,10376.73,10093.26,10366.49,5801.75783647
1581724800,10366.49,10408.04,9739.00,9910.78,6205.26331217
1581811200,9910.78,10051.24,9598.49,9808.00,3802.07606300
1581897600,9812.74,10014.88,9467.57,9674.52,6325.63267231
1581984000,9662.86,10071.39,9602.60,9995.40,4841.29908948
1582070400,9990.80,10300.00,9985.00,10207.55,7437.31252227
1582156800,10209.56,10230.46,9312.00,9528.81,10824.36841008
1582243200,9539.67,9773.20,9519.63,9710.02,3849.30151484
1582329600,9710.02,9743.60,9562.60,9679.97,2591.12276958
1582416000,9679.97,10024.08,9659.47,9903.75,3340.31467383
1582502400,9903.75,10027.66,9480.00,9575.79,5719.17165984
1582588800,9575.71,9682.73,9277.00,9378.13,5860.62587779
1582675200,9376.37,9420.40,8627.78,8828.07,11317.17794125
1582761600,8820.00,8974.75,8520.00,8883.41,8576.20515747
1582848000,8889.39,8924.82,8421.49,8543.42,7582.98093073
1582934400,8542.81,8806.26,8514.00,8665.35,2904.36799762
1583020800,8668.38,8756.11,8440.28,8440.28,3573.19784269
1583107200,8448.40,8919.97,8410.00,8862.94,5618.76301642
1583193600,8862.70,8980.34,8660.04,8709.50,5815.10997345
1583280000,8722.60,8850.00,8663.76,8725.99,3137.08747709
1583366400,8730.16,9149.98,8691.43,9120.25,6072.47378595
1583452800,9123.91,9187.85,8990.01,9083.00,4624.78639715
1583539200,9089.40,9219.13,8859.49,8892.45,2956.61756334
1583625600,8886.45,8930.00,8151.00,8287.29,6483.65501179
1583712000,8282.91,8312.44,7636.00,7845.80,13510.15694034
1583798400,7845.62,8158.42,7733.99,7984.19,8502.88335795
1583884800,7984.19,8041.84,7591.99,7829.80,7819.51880650
1583971200,7841.13,7988.78,5713.68,6032.90,45318.77609813
1584057600,6040.73,6049.38,3850.00,5453.51,65172.14422174
1584144000,5459.14,5777.63,5209.69,5391.92,15547.37964686
1584230400,5392.48,5585.11,5051.00,5311.32,12237.67105303
1584316800,5324.40,5965.77,4435.89,4953.49,39368.13512838
1584403200,4946.09,5507.16,4830.00,5399.09,17490.96949551
1584489600,5404.20,5569.90,5006.87,5349.18,23222.19512744
1584576000,5349.18,6400.00,5266.38,6242.54,24100.50023220
1584662400,6234.07,7139.00,6059.51,6190.00,26728.58171319
1584748800,6188.64,6380.19,5670.00,6227.85,16309.64399579
1584835200,6231.96,6461.91,5866.44,5927.76,8589.49651879
1584921600,5925.69,6629.79,5686.34,6292.80,19543.94754857
1585008000,6292.84,6893.00,6277.72,6725.05,20657.67179388
1585094400,6725.05,6989.04,6457.17,6630.86,17803.47075712
1585180800,6634.38,6798.89,6528.07,6675.37,7249.06547879
1585267200,6673.51,6872.67,6582.27,6668.84,10188.97940758
1585353600,6663.00,6709.79,6030.51,6218.93,13006.24343285
1585440000,6228.10,6310.26,5881.31,5905.26,8579.04733571
1585526400,5904.88,6457.00,5856.00,6378.07,13432.93507767
1585612800,6383.68,6630.00,6337.42,6474.59,8966.26182931
1585699200,6472.89,6511.60,6137.71,6216.13,7244.36796213
1585785600,6209.32,7236.39,6203.15,6810.77,19612.08092214
1585872000,6807.26,7047.96,6610.00,6782.58,12039.78731537
1585958400,6776.77,6917.00,6655.54,6749.15,4495.06067486
1586044800,6761.24,7014.00,6678.51,6809.50,5363.13495266
1586131200,6808.89,7330.00,6725.90,7283.86,12983.46354943
1586217600,7277.00,7469.00,7175.89,7289.22,9947.95172780
1586304000,7294.89,7428.95,7077.00,7319.43,11281.21275062
1586390400,7311.27,7400.00,7107.38,7276.68,7930.12123884
1586476800,7268.37,7323.70,6750.15,6917.70,10962.10871746
1586563200,6918.89,6955.59,6790.74,6811.80,3491.94795330
1586649600,6811.42,7201.76,6771.24,7136.11,5777.89319319
1586736000,7136.12,7180.00,6542.91,6788.00,11832.68908090
1586822400,6796.75,6991.00,6766.96,6925.34,7685.55784289
1586908800,6925.37,6940.00,6685.69,6733.97,7269.56742675
1586995200,6736.90,7150.12,6472.67,7081.00,14621.01834650
1587081600,7083.91,7224.18,6980.66,7070.55,10134.14892279
1587168000,7070.54,7287.32,7020.00,7218.29,5638.21348830
1587254400,7218.29,7306.15,7057.46,7145.49,4392.21307227
1587340800,7134.00,7220.00,6768.81,6768.81,11266.09090146
1587427200,6768.37,6950.98,6757.75,6878.47,6107.47546446
1587513600,6875.00,7171.26,6819.59,7095.47,6223.15575587
1587600000,7095.74,7756.69,7031.07,7529.15,13221.58520073
1587686400,7528.52,7619.35,7391.57,7532.66,8841.47402118
1587772800,7532.67,7723.77,7432.80,7547.56,4305.41415041
1587859200,7547.56,7718.00,7485.00,7659.00,4386.71312295
1587945600,7665.05,7813.68,7591.99,7715.09,7055.82866158
1588032000,7715.09,7798.42,7650.00,7728.01,7410.35905298
1588118400,7728.16,8970.00,7711.48,8726.30,24145.45711624
1588204800,8737.55,9485.26,8407.00,8847.01,25055.59378120
1588291200,8845.12,9075.00,8587.00,8739.46,11847.27116899
1588377600,8730.83,9022.00,8672.38,8874.49,6251.24977321
1588464000,8881.27,9207.82,8723.78,8880.18,8883.94808161
1588550400,8868.08,8967.86,8528.42,8846.86,9039.72207378
1588636800,8846.86,9120.00,8760.10,8915.35,10484.52926407
1588723200,8909.69,9400.00,8904.73,9261.59,13237.00935179
1588809600,9259.94,9972.03,9030.03,9877.43,22850.01645076
1588896000,9877.00,10074.00,9725.00,9971.15,20659.61464426
1588982400,9965.23,10022.00,9519.47,9738.85,13021.91664546
1589068800,9745.96,9777.94,8109.00,8513.29,29933.15501525
1589155200,8515.83,9182.97,8181.00,8759.28,35068.01222265
1589241600,8752.71,8984.87,8472.16,8800.60,15468.02313448
1589328000,8800.72,9195.00,8746.81,9163.33,11211.08629761
1589414400,9160.79,9945.34,9155.00,9662.11,18535.13198328
1589500800,9664.07,9870.00,9215.65,9327.18,19381.61402541
1589587200,9321.72,9590.00,9112.00,9330.14,8036.23191609
1589673600,9330.14,9894.88,9296.00,9766.75,8750.22056943
1589760000,9767.28,9966.12,9451.20,9702.31,12874.52804130
1589846400,9700.09,9903.89,9455.05,9642.48,11830.34288941
1589932800,9642.49,9843.87,9100.00,9529.21,11892.51749881
1590019200,9536.33,9597.81,8800.00,9058.94,16727.80680649
1590105600,9057.15,9272.97,8924.91,9172.85,8501.23377242
1590192000,9172.89,9316.12,9084.83,9184.69,3501.94856108
1590278400,9183.33,9310.91,8842.43,9016.73,7146.59433194
1590364800,9015.81,9085.30,8630.00,8937.12,10704.72084097
1590451200,8939.85,9012.00,8690.00,8790.45,5767.86432587
1590537600,8796.10,9230.21,8788.50,9159.69,6169.41788866
1590624000,9160.21,9539.89,9051.73,9456.06,10287.22647492
1590710400,9458.41,9625.01,9330.00,9403.99,9019.42648096
1590796800,9395.26,9597.04,9326.28,9542.48,3883.44158421
1590883200,9542.09,9758.27,9392.57,9507.95,8187.13685173
1590969600,9511.65,9619.84,9373.96,9580.02,5301.11977705
1591056000,9571.27,10429.26,9135.68,9510.98,29617.53470291
1591142400,9509.95,9646.00,9380.99,9577.72,6664.17442575
1591228800,9578.60,9888.00,9430.00,9817.16,8825.87703091
1591315200,9823.07,9866.60,9592.74,9730.46,7568.00054639
1591401600,9730.12,9744.39,9525.76,9664.28,4662.65119814
1591488000,9663.67,9829.31,9356.00,9776.52,5834.79529420
1591574400,9780.62,9813.67,9645.00,9695.56,6032.78108596
1591660800,9695.31,9897.46,9566.81,9733.10,6164.31065839
1591747200,9732.10,10011.40,9578.00,9852.72,7845.96589348
1591833600,9857.48,9981.24,9078.91,9279.88,15376.13612506
1591920000,9276.78,9555.00,9217.75,9428.38,8050.09811178
1592006400,9428.38,9500.00,9355.31,9404.71,2996.38674504
1592092800,9402.50,9485.28,9306.89,9392.31,2591.41031135
1592179200,9392.31,9459.81,8900.00,9423.33,12300.50287088
1592265600,9421.25,9596.31,9374.90,9511.91,7052.72123474
1592352000,9509.90,9566.53,9292.53,9297.60,5147.28846590
1592438400,9295.91,9478.69,9230.32,9391.11,4511.98094195
1592524800,9391.21,9429.99,9225.15,9294.79,5510.34393724
1592611200,9296.78,9386.10,9138.00,9291.94,2901.22228347
1592697600,9291.34,9421.26,9289.17,9338.59,1979.97403402
1592784000,9340.42,9631.78,9267.20,9568.22,4943.53242445
1592870400,9568.99,9798.76,9568.98,9650.72,6110.22357268
1592956800,9642.31,9666.35,9193.99,9291.73,9538.04718275
1593043200,9285.44,9321.04,8989.00,9284.01,9308.20633921
1593129600,9284.01,9343.49,9024.61,9166.07,8191.57898168
1593216000,9166.04,9214.83,8830.63,8935.60,3319.16302887
1593302400,8929.00,9191.72,8892.32,9108.21,4287.08250701
1593388800,9100.73,9177.46,9014.92,9151.11,4912.79997793
1593475200,9156.71,9240.36,9060.00,9137.69,2991.70578341
1593561600,9130.01,9300.00,9089.80,9245.79,4172.25544817
1593648000,9241.53,9268.54,8939.00,9047.32,6717.42796237
1593734400,9047.33,9151.17,9029.34,9091.89,3465.06601970
1593820800,9087.23,9196.00,9027.17,9127.54,2533.62984487
1593907200,9132.29,9148.84,8969.23,9026.83,2115.87016881
1593993600,9026.83,9355.32,8905.00,9295.35,5860.60618999
1594080000,9294.00,9385.81,9217.66,9239.28,4811.38195949
1594166400,9239.28,9479.57,9201.78,9434.75,6216.38556793
1594252800,9434.75,9473.90,9157.11,9219.84,4840.92145608
1594339200,9219.84,9257.46,9053.14,9230.49,3774.64391030
1594425600,9232.88,9318.92,9180.00,9202.95,1705.86814678
1594512000,9208.32,9347.76,9153.48,9221.81,1933.99841460
1594598400,9219.65,9351.17,9190.49,9231.92,3678.70444156
1594684800,9227.09,9273.01,9095.00,9270.26,4042.58523250
1594771200,9270.76,9282.08,9153.38,9175.83,4329.05879181
1594857600,9175.17,9231.90,9026.51,9119.12,5615.93771125
1594944000,9119.12,9184.28,9073.53,9162.59,3488.50942385
1595030400,9167.30,9214.63,9122.72,9164.06,1708.87478082
1595116800,9168.69,9187.34,9106.30,9168.00,1315.04036906
1595203200,9168.00,9243.36,9128.21,9158.99,2932.06331957
1595289600,9157.57,9442.89,9146.85,9361.06,5687.26751764
1595376000,9361.63,9400.00,9280.80,9379.03,4055.09237993
1595462400,9380.07,9690.00,9366.68,9607.06,11445.45551633
1595548800,9608.34,9627.00,9474.35,9596.57,6345.42523392
1595635200,9594.34,9727.27,9529.00,9683.10,6239.71921265
1595721600,9683.19,10200.00,9657.00,9873.29,9563.33729636
1595808000,9872.55,10956.83,9844.00,10799.11,22791.61420075
1595894400,10803.84,11417.11,10583.48,11007.76,21263.76663295
1595980800,11013.90,11299.00,10855.81,11209.57,11977.36017999
1596067200,11217.98,11358.47,10832.00,11134.32,10843.71564641
1596153600,11137.00,11457.95,10973.80,11333.56,10351.79094816
1596240000,11333.15,11879.00,11228.00,11783.79,11312.22350373
1596326400,11789.47,12100.00,10559.59,11199.00,13219.65955528
1596412800,11200.75,11480.00,10933.26,11414.76,6909.06396643
1596499200,11414.81,11430.49,11000.79,11229.38,6014.35582926
1596585600,11234.42,11730.00,11094.35,11662.22,6046.83300763
1596672000,11660.51,11913.50,11530.53,11879.08,10033.04622671
1596758400,11871.92,11920.00,11219.00,11511.61,11696.82534819
1596844800,11508.01,11817.95,11497.61,11715.73,4195.05606970
1596931200,11715.73,11808.28,11527.92,11632.29,2837.38983189
1597017600,11639.92,12080.00,11510.00,11871.91,7344.49642311
1597104000,11871.43,11945.05,11282.71,11393.07,9418.18793506
1597190400,11389.06,11625.00,11130.00,11578.40,6940.05731907
1597276800,11578.45,11666.00,11270.91,11520.87,5883.25112670
1597363200,11520.95,11862.00,11520.95,11809.20,6393.27512357
1597449600,11810.55,11986.93,11667.70,11838.37,3760.75811001
1597536000,11836.29,11983.72,11685.97,11820.49,2887.54693326
1597622400,11823.14,12473.00,11771.44,12339.22,8866.13330050
1597708800,12338.16,12448.42,11823.00,11985.42,8640.01973078
1597795200,11983.75,12100.00,11600.00,11652.83,9527.79105710
1597881600,11657.03,11893.00,11574.40,11858.17,4988.71955870
1597968000,11860.18,11894.12,11600.00,11668.82,5989.97208687
1598054400,11675.33,11713.43,11367.00,11596.26,4082.64266181
1598140800,11590.04,11698.85,11524.70,11681.56,1688.04197798
1598227200,11690.05,11832.55,11588.61,11749.65,2542.90987035
1598313600,11749.65,11789.82,11112.75,11299.98,6736.53664055
1598400000,11302.99,11549.80,11233.38,11467.84,4764.17928207
1598486400,11473.87,11602.92,11122.72,11244.13,7387.04254394
1598572800,11245.16,11555.61,11228.50,11510.00,6512.55174336
1598659200,11505.00,11592.00,11423.64,11525.59,2284.65633329
1598745600,11528.02,11687.01,11458.62,11644.70,1656.61522312
1598832000,11640.70,11780.00,11573.39,11729.64,4716.16781796
1598918400,11726.45,12065.82,11515.00,11966.59,7496.53960754
1599004800,11975.47,12061.00,11155.32,11406.73,13182.87280200
1599091200,11402.26,11477.35,10455.00,10693.36,14381.35370960
1599177600,10690.89,10804.48,9902.43,10588.05,20234.76221766
1599264000,10585.09,10646.75,9850.00,9948.93,12792.32540001
1599350400,9945.52,10302.21,9883.31,10265.59,6101.22388408
1599436800,10265.45,10353.39,9880.00,10148.72,8166.12907229
1599523200,10145.63,10446.18,9921.73,9986.34,9993.14907043
1599609600,9989.14,10353.39,9825.07,10287.61,7053.22836635
1599696000,10286.51,10495.75,10171.84,10283.42,10031.42729404
1599782400,10277.31,10389.89,10200.50,10330.63,5201.05544172
1599868800,10331.90,10482.42,10275.00,10463.41,3127.70496208
1599955200,10462.86,10576.78,10214.90,10311.07,4175.02450225
1600041600,10312.53,10765.03,10250.13,10674.30,6892.36708429
1600128000,10674.29,10940.01,10611.17,10784.01,6676.87447626
1600214400,10783.82,11100.00,10662.81,10984.87,7836.04314027
1600300800,10987.61,11054.00,10739.23,10921.98,6195.14767497
1600387200,10926.96,11040.18,10816.54,10868.27,4380.31016783
1600473600,10866.77,11183.01,10849.70,11054.52,2444.78100394
1600560000,11055.73,11096.83,10755.90,10869.15,3160.80607492
1600646400,10865.88,10996.98,10286.56,10495.00,9338.32963917
1600732800,10497.21,10538.30,10353.39,10494.72,5280.39102863
1600819200,10492.89,10573.05,10255.45,10292.43,4556.63595592
1600905600,10280.62,10726.14,10138.30,10653.08,7425.43003695
1600992000,10656.61,10795.53,10553.14,10724.96,6910.99793453
1601078400,10727.33,10830.00,10655.29,10720.61,2316.88896323
1601164800,10722.38,10807.14,10593.58,10735.99,2642.38420785
1601251200,10738.20,10950.00,10706.53,10867.86,4452.72582571
1601337600,10869.98,10891.99,10628.52,10738.44,4281.19202988
1601424000,10741.47,10865.00,10658.56,10708.78,4458.50546448
1601510400,10703.81,10940.22,10437.08,10620.48,8488.88656870
1601596800,10611.38,10667.53,10380.00,10517.99,8343.42793020
1601683200,10515.40,10605.79,10466.01,10590.00,1280.41851166
1601769600,10587.07,10699.88,10524.81,10675.16,1336.05686158
1601856000,10678.47,10805.34,10620.71,10731.00,3354.83585377
1601942400,10731.32,10805.82,10526.42,10575.02,4375.60708759
1602028800,10565.31,10682.56,10525.00,10654.95,5724.80853675
1602115200,10651.00,10957.00,10535.06,10892.16,6898.25994689
1602201600,10886.24,11118.49,10826.40,11046.10,5919.23793388
1602288000,11045.92,11496.06,11021.66,11358.07,3174.54461802
1602374400,11355.32,11447.44,11267.31,11340.15,2112.14972307
1602460800,11335.17,11611.14,11175.99,11553.14,6064.55496896
1602547200,11548.31,11731.70,11314.53,11391.31,6084.87720763
1602633600,11388.31,11555.10,11287.42,11352.54,3738.56556851
1602720000,11348.62,11543.78,11250.01,11532.98,4320.26762982
1602806400,11537.52,11623.60,11200.00,11320.85,4915.03226050
1602892800,11319.00,11415.48,11264.01,11342.91,1396.34270814
1602979200,11344.60,11500.00,11323.23,11445.35,857.18056237
1603065600,11445.09,11840.00,11409.94,11698.73,5439.19265362
1603152000,11700.69,12059.94,11671.80,11925.00,5219.13952504
1603238400,11925.39,12918.29,11863.58,12702.20,16212.13655320
1603324800,12702.20,13235.00,12686.73,13091.85,11947.89350765
1603411200,13089.25,13208.25,12729.82,12929.93,6719.99081605
1603497600,12929.93,13182.83,12884.44,13132.25,2836.79993767
1603584000,13132.25,13363.53,12903.74,13048.00,3733.86057346
1603670400,13057.20,13250.00,12773.50,13013.35,5395.80048651
1603756800,13011.22,13760.00,12998.34,13672.81,10650.81269381
1603843200,13671.30,13864.89,12892.00,13173.01,11308.46937951
1603929600,13174.94,13650.00,12993.00,13504.66,8895.90923200
1604016000,13500.79,13675.56,13129.26,13550.00,8941.38272315
1604102400,13544.27,14100.00,13420.97,13794.24,6780.49670844
1604188800,13788.52,13907.47,13629.31,13811.94,1995.34776979
1604275200,13804.61,13867.57,13220.00,13472.00,6410.44456075
1604361600,13469.61,13812.00,13287.70,13753.99,7042.39186510
1604448000,13759.91,14277.50,13520.87,14106.33,11315.16769350
1604534400,14115.00,15315.00,13943.23,14959.82,15158.67969858
1604620800,14955.27,15968.98,14919.70,15474.21,15991.37981578
1604707200,15469.48,15778.60,14715.13,14927.93,8503.81501169
1604793600,14926.34,15664.90,14351.00,15548.45,8307.34166905
1604880000,15538.74,15854.48,14824.66,15331.97,13699.13126970
1604966400,15335.89,15508.73,15092.47,15285.80,9582.46824760
1605052800,15280.18,15991.01,15278.43,15823.18,8649.52721051
1605139200,15838.22,16219.89,15481.00,16122.58,16578.50596226
1605225600,16117.48,16494.52,15970.33,16264.62,9346.69411338
1605312000,16264.62,16376.25,15715.10,15920.00,5202.49348220
1605398400,15916.88,16170.00,15861.01,15917.45,3023.30729046
1605484800,15912.01,16773.80,15786.46,16710.60,7104.41943612
1605571200,16713.20,17868.00,16570.00,17655.07,8793.15663008
1605657600,17655.07,18483.00,17041.47,17784.51,16297.92610038
1605744000,17784.04,18189.97,17346.62,17950.12,11263.18482662
1605830400,17955.49,18824.88,17712.91,18594.08,9665.82034237
1605916800,18598.19,18977.00,18333.45,18760.76,6502.63697901
1606003200,18759.56,18794.52,17600.00,18525.81,6351.64406210
1606089600,18529.52,18786.31,18001.95,18356.21,8562.75008486
1606176000,18360.22,19442.13,18068.56,19270.21,13159.27842961
1606262400,19268.22,19490.00,18640.84,19055.82,8512.15328068
1606348800,19062.01,19126.14,16218.00,16538.79,20793.12499641
1606435200,16569.34,17471.89,16305.10,16796.02,10806.05911162
1606521600,16787.11,17789.04,16735.08,17742.13,4663.65250239
1606608000,17745.51,18250.00,17534.87,18136.76,3833.32275577
1606694400,18130.44,19864.15,18025.27,19182.23,10149.53226285
1606780800,19169.68,19918.01,18100.00,18748.89,12005.77101593
1606867200,18719.70,19346.90,18334.00,19009.82,6586.74225005
1606953600,19022.38,19621.00,18881.62,19406.59,6165.23518064
1607040000,19397.25,19556.86,18671.61,19070.91,6407.01035404
1607126400,19068.19,19185.17,18500.00,19131.89,3109.40627103
1607212800,19128.94,19346.90,18870.62,19118.46,2235.40382931
1607299200,19112.13,19431.00,18905.00,18948.70,4146.83199776
1607385600,18933.37,19300.55,18611.79,18824.52,4577.63513830
1607472000,18816.13,18885.84,17640.33,18198.29,9046.01627867
1607558400,18197.72,18654.92,17908.00,18277.82,7903.30949562
1607644800,18277.82,18430.00,17569.58,18041.71,6738.43387650
1607731200,18046.01,18744.33,17921.07,18700.76,3549.73209747
1607817600,18692.93,19416.64,18628.10,19177.37,4567.64926342
1607904000,19181.59,19335.81,18979.21,19227.25,3517.58690938
1607990400,19218.76,19567.84,19050.00,19529.85,6190.05299321
1608076800,19542.74,20899.82,19277.66,20614.38,12850.02810508
1608163200,20614.46,23777.00,20574.17,23261.88,21631.77616469
1608249600,23280.00,23500.00,22316.98,22796.68,13691.00768810
1608336000,22805.74,24217.38,22647.97,23852.99,9059.17345516
1608422400,23860.00,24094.91,23092.77,23878.40,4782.80722422
1608508800,23878.40,24298.04,21864.86,22818.47,13028.76021580
1608595200,22838.64,23626.00,22383.59,23436.63,8671.02878038
1608681600,23432.63,24096.90,22801.67,23615.26,11272.21324395
1608768000,23603.24,23618.00,22624.92,23321.22,8586.10748936
1608854400,23324.83,24661.76,23257.97,24343.05,6429.49756574
1608940800,24356.63,25985.93,24194.12,25620.57,5891.02165782
1609027200,25631.37,28377.94,25572.91,27009.58,13373.30579271
1609113600,26998.78,27473.49,25770.00,26990.99,9034.22171529
1609200000,26982.60,27162.17,25831.85,26577.94,9026.19476026
1609286400,26577.94,28599.99,26521.17,28525.26,11065.00526262
1609372800,28523.16,29300.00,27930.75,28920.98,10302.88724919
1609459200,28912.47,29700.00,28720.00,29130.21,9211.49162101
1609545600,29131.88,33333.00,28947.70,33026.28,13444.10696442
1609632000,33032.97,34800.00,30000.00,32759.78,17953.04605842
1609718400,32758.87,33872.26,27734.00,31172.41,22515.06943380
1609804800,31179.50,33518.77,29936.26,33467.68,12973.90937617
1609891200,33499.99,35879.35,33220.00,35347.64,17783.76486728
1609977600,35347.63,40402.46,34341.00,38938.35,23660.19122457
1610064000,38907.54,42000.00,36618.36,39948.98,21537.93468090
1610150400,39938.32,41422.77,38677.22,40728.95,12549.04632495
1610236800,40731.16,41450.00,37193.73,38078.08,10544.17578902
1610323200,38078.08,39068.28,30261.13,32517.53,40440.19457778
1610409600,32545.83,36639.23,31182.16,35022.26,22116.76087225
1610496000,35036.90,35900.00,32327.76,35705.00,13695.52541600
1610582400,35698.57,40112.78,35579.41,39296.62,12532.53833895
1610668800,39296.62,39900.00,34380.00,35438.16,12611.57566217
1610755200,35450.33,37944.12,34777.85,36500.42,8992.08325804
1610841600,36517.63,36838.54,33833.55,35680.00,7355.72535054
1610928000,35680.00,37449.86,34777.85,35797.47,6440.76832938
1611014400,35783.96,37874.71,35697.89,36446.95,6255.48984214
1611100800,36446.95,36794.44,33400.00,35259.22,11832.31963073
1611187200,35268.00,35675.62,30969.00,31742.90,18068.13615031
1611273600,31742.90,33370.60,28800.00,33345.79,19490.28300092
1611360000,33345.79,33864.85,31426.11,32203.32,6573.37575966
1611446400,32203.35,33075.75,31563.00,31850.03,4013.56088619
1611532800,31859.60,34888.00,30960.77,33676.48,9100.12084719
1611619200,33640.00,33780.23,30847.40,32286.06,10794.99846052
1611705600,32275.69,32953.28,29150.49,29723.39,19774.62788756
1611792000,29740.24,32725.00,29740.24,32696.01,18580.86713125
1611878400,32703.90,38620.00,31990.00,35177.00,32183.51560815
1611964800,35230.39,35366.69,32860.00,34363.24,10780.72980043
1612051200,34363.25,34800.00,32193.70,32487.61,4789.06384006
1612137600,32489.13,34736.10,32333.01,33737.30,8406.44529740
1612224000,33731.47,35665.99,33431.67,35314.31,6773.64311724
1612310400,35313.95,37278.80,35216.98,37185.59,8336.22440126
1612396800,37200.82,38748.52,36197.65,37200.00,12117.87129101
1612483200,37200.00,38359.69,36618.36,37423.85,5618.99728097
1612569600,37423.85,41025.48,37283.05,40341.59,7932.79722052
1612656000,40383.43,40503.74,37412.93,38319.25,6962.77423404
1612742400,38321.26,44899.00,37778.15,42705.78,14656.79900186
1612828800,42696.34,48216.09,42696.34,47072.73,15913.43630948
1612915200,47072.73,47560.04,43746.06,45144.15,9994.56935461
1613001600,45159.42,48481.45,44040.96,47711.78,8510.80733853
1613088000,47711.78,49000.00,46231.16,47312.34,7162.51577893
1613174400,47313.11,48220.00,46133.00,46839.50,4571.10949558
1613260800,46832.94,49714.66,46700.00,48764.35,5117.36582660
1613347200,48780.30,49329.23,45914.75,48347.04,6650.49370681
1613433600,48390.64,50602.53,47036.02,48660.94,7864.01370249
1613520000,48666.12,51760.00,48215.62,51427.40,9283.90489119
1613606400,51427.41,52640.00,50869.61,51800.00,6584.80726982
1613692800,51800.00,55459.44,50627.32,55343.71,7941.91905591
1613779200,55400.02,57553.81,54585.23,57149.51,6660.05269382
1613865600,57161.40,58274.41,54000.00,58192.79,4117.96277564
1613952000,58206.59,58354.14,47400.00,53240.21,15424.95813638
1614038400,53231.55,55046.02,44845.72,46864.91,18177.89854510
1614124800,46811.12,51459.51,45210.00,49618.40,9212.83373764
1614211200,49623.33,52079.16,48050.00,49601.25,7123.84487666
1614297600,49537.47,50000.00,44151.97,47309.17,8875.23448347
1614384000,47309.17,48365.31,45055.15,47167.77,3637.96581153
1614470400,47152.00,47575.17,43021.00,43724.75,5898.93602041
1614556800,43741.54,49552.00,43500.00,48534.26,8403.17522157
1614643200,48514.97,50250.00,47234.00,47695.11,5932.47437121
1614729600,47688.47,52652.82,47069.52,51277.66,6142.10263857
1614816000,51275.90,51817.54,47520.02,47566.05,5363.19091507
1614902400,47600.00,48787.67,46294.00,48498.21,5574.05760913
1614988800,48503.73,49471.24,47082.29,48505.90,2457.17448570
1615075200,48490.75,51355.70,48265.75,50401.04,2434.98859178
1615161600,50409.58,51834.49,49316.98,50793.13,4104.16142625
1615248000,50806.23,54820.00,50806.23,53923.77,5733.35825305
1615334400,53906.93,57164.53,53010.00,56727.25,5938.69701645
1615420800,56727.25,57729.79,54269.00,57525.09,7399.50467382
1615507200,57536.62,58155.99,55011.00,57363.41,5469.10745719
1615593600,57353.14,60445.25,56080.96,60295.01,5701.37873138
1615680000,60303.33,61781.83,59273.00,59914.15,3997.61239536
1615766400,59935.87,60748.78,54555.00,56631.96,7469.20612114
1615852800,56631.89,56979.67,53221.00,55771.80,7671.14575964
1615939200,55750.76,58258.73,54124.00,57909.51,5735.71487620
1616025600,57909.61,60083.25,57136.15,57269.83,5837.24056816
1616112000,57287.58,59280.00,56279.34,58884.88,3647.61726353
1616198400,58879.81,59957.00,57815.61,59264.78,2500.98867670
1616284800,59289.74,59389.87,55500.00,57583.82,3611.24666205
1616371200,57571.73,58461.78,55540.00,55593.39,4164.02179626
1616457600,55540.00,56018.41,52933.03,55009.03,7101.24160997
1616544000,55002.53,57207.33,53520.00,54703.59,5318.79911946
1616630400,54703.59,54703.59,50360.00,52184.05,8039.11054045
1616716800,52223.72,54056.51,51223.37,53865.81,5091.31411897
1616803200,53850.24,56279.00,53833.99,55842.61,2764.77094461
1616889600,55890.66,56686.15,54677.51,55228.45,2100.19950800
1616976000,55217.76,58402.68,54752.70,57665.67,5046.37892014
1617062400,57665.67,59388.66,57011.00,59118.91,3855.95212510
1617148800,59118.91,59816.17,56713.45,58582.36,4338.27902719
1617235200,58601.17,59490.00,57935.42,58899.97,3038.74724181
1617321600,58927.59,60103.04,58450.00,58864.80,2637.32707456
1617408000,58864.80,59801.39,57777.77,58636.49,1432.78594098
1617494400,58588.26,58588.27,56466.25,57969.03,1752.11064735
1617580800,57972.69,59280.00,56800.00,59028.06,2267.93560254
1617667200,59065.52,59473.90,57216.00,58258.14,2683.40014633
1617753600,58258.14,58668.00,55441.93,56127.66,5089.52458599
1617840000,56075.95,58145.49,55680.40,57742.55,4958.71753106
1617926400,57729.00,58890.25,57450.52,58373.13,2764.20960207
1618012800,58377.20,61222.22,57840.76,59548.73,3586.47920694
1618099200,59536.96,60679.00,58304.80,59661.24,2102.41246306
1618185600,59673.05,61234.56,59361.11,60039.68,3597.29591832
1618272000,60044.47,63769.00,59706.39,63044.49,5679.16233750
1618358400,63043.49,64895.22,61327.00,62139.52,5454.56763848
1618444800,62140.95,63661.56,61853.31,63460.99,3898.87395826
1618531200,63482.22,63855.37,60042.04,61848.34,5893.06349185
1618617600,61863.98,62596.48,59676.67,60755.55,2885.14549254
1618704000,60765.43,61000.00,51541.16,55832.73,12125.27454375
1618790400,55828.36,57633.00,54252.88,56027.41,6426.77863740
1618876800,56027.41,56797.73,53400.00,56639.29,5748.17040347
1618963200,56639.28,57119.00,54332.00,55518.27,4572.62695885
1619049600,55513.09,55513.09,52192.00,52957.17,6558.22063979
1619136000,52921.52,52921.52,47555.00,50941.32,13074.77955998
1619222400,50969.63,51378.63,48713.34,50729.57,3507.38748564
1619308800,50737.00,51053.38,49125.00,49414.37,3127.17516655
1619395200,49368.83,54404.78,47004.20,54101.16,6934.35480148
1619481600,54102.08,55384.59,52629.78,54846.25,4429.12973013
1619568000,54846.82,55809.86,53811.49,55461.68,4132.77417538
1619654400,55479.42,56500.00,52505.00,52888.31,4341.63890423
1619740800,52892.87,57442.99,52379.90,57098.08,4736.81898595
1619827200,57092.42,58549.00,56476.63,57822.60,2745.34860118
1619913600,57828.02,58034.00,56064.51,56888.61,1888.75609577
1620000000,56916.72,59000.00,56248.87,57589.80,3236.79945446
1620086400,57547.38,57558.98,53259.00,54594.15,5374.40584971
1620172800,54603.47,57976.62,52924.50,57186.27,5841.35892816
1620259200,57166.90,58420.83,55283.00,56180.86,5259.34710208
1620345600,56190.29,58743.85,55288.11,57648.30,4326.27419291
1620432000,57643.47,59501.00,56800.00,59149.79,3140.29802930
1620518400,59093.68,59564.24,56256.00,57352.77,2577.69210651
1620604800,57345.42,59603.00,55555.88,55694.85,4680.05478456
1620691200,55694.85,56953.56,53500.00,56729.69,5901.20508069
1620777600,56724.25,58021.26,53555.00,54496.28,4415.48487563
1620864000,54469.85,54819.00,45700.00,48549.37,10871.34622614
1620950400,48559.35,51572.00,48376.21,50198.39,4231.82522031
1621036800,50200.95,50710.93,46894.80,48071.37,3184.73210806
1621123200,48149.13,49800.00,44444.00,45550.00,4474.18953501
1621209600,45546.72,46648.50,42100.00,44225.96,13324.27632511
1621296000,44235.01,45872.05,42023.69,43297.57,6651.06450481
1621382400,43286.18,43601.63,30066.00,39407.94,30299.79952497
1621468800,39413.18,43000.00,35000.00,40214.36,16168.71989763
1621555200,40226.84,42297.89,35550.00,36094.58,11808.45546580
1621641600,36094.58,38887.99,33520.00,37379.12,7824.31276834
1621728000,37343.12,38414.74,31107.46,33101.38,8483.38395165
1621814400,33132.60,39822.73,33132.60,39641.54,10242.65745079
1621900800,39680.99,40000.00,36486.85,37365.72,6776.52852290
1621987200,37365.72,40904.00,37341.02,38554.15,4194.05304834
1622073600,38547.69,40429.47,37212.90,38828.53,4121.97722800
1622160000,38822.96,39209.09,35145.52,35802.58,5572.36197890
1622246400,35806.14,37348.01,33650.00,34059.74,5004.32259699
1622332800,34050.90,36516.99,33425.00,36102.48,3114.29953416
1622419200,36102.48,37485.71,34195.20,36907.65,4328.98267643
1622505600,36903.62,37927.44,35699.98,35964.59,4384.54709791
1622592000,36002.33,38256.30,35875.48,37895.52,4157.15594131
1622678400,37841.93,39490.00,37176.06,38598.24,4073.20113152
1622764800,38576.41,39277.36,35576.67,36835.04,5813.20473829
1622851200,36828.09,37927.93,35275.00,35764.83,3748.19186184
1622937600,35764.83,36510.58,34849.65,35762.58,2878.63121448
1623024000,35730.90,36808.30,35250.00,35649.00,3882.50826250
1623110400,35631.07,35748.78,31025.00,32913.02,9512.96239270
1623196800,32911.13,37000.00,32423.72,36291.76,8471.67923589
1623283200,36291.76,38446.24,36113.25,36706.18,6274.51643494
1623369600,36706.18,37680.65,35824.69,37268.86,3907.06246018
1623456000,37261.88,37500.00,34630.00,35745.71,3872.63535394
1623542400,35788.18,37761.99,34783.90,37695.47,2729.70256342
1623628800,37700.00,41050.00,37663.15,39696.86,6915.34946835
1623715200,39696.86,41341.57,39573.05,39980.88,4141.53192859
1623801600,39966.88,40506.59,38333.00,38687.88,4051.10745450
1623888000,38679.31,39553.05,37521.77,37700.00,3373.85115235
1623974400,37682.90,38208.68,35143.68,35335.67,4188.74226349
1624060800,35313.83,36440.00,34718.21,35944.15,3309.55243100
1624147200,35941.85,36217.86,33337.00,35512.07,3869.04084388
1624233600,35512.11,36125.00,31700.00,32592.83,8084.85562599
1624320000,32583.38,33315.85,28600.00,32409.31,10253.30000116
1624406400,32414.67,35000.00,31670.89,32898.70,5519.35501437
1624492800,32897.81,35289.00,32314.37,34858.80,5371.42437608
1624579200,34865.22,35517.22,31500.00,32261.63,4502.83795241
1624665600,32216.72,32714.46,30082.79,31594.35,3794.24610650
1624752000,31591.13,33585.88,30927.90,32827.86,2823.56694097
1624838400,32808.72,35357.13,32425.77,34459.15,3804.75669102
1624924800,34463.82,36623.79,34116.43,36418.26,3171.15307676
1625011200,36413.16,36503.59,34049.36,34780.49,3057.89070729
1625097600,34786.46,35212.12,32700.88,33119.94,3600.27755820
1625184000,33139.00,33981.51,32700.05,33358.58,2107.36514870
1625270400,33332.53,34959.72,33048.89,34759.19,1260.54206075
1625356800,34753.97,35702.85,34242.30,35572.80,1126.66762192
1625443200,35565.98,35960.00,33143.00,34136.51,2125.75477099
1625529600,34149.71,35100.49,33510.58,34028.97,2587.96741772
1625616000,34037.47,35059.02,33639.70,34648.94,1494.81335254
1625702400,34619.31,34642.13,32101.00,32999.01,2975.04404911
1625788800,33031.89,33695.02,32285.73,33452.31,1663.57928950
1625875200,33449.51,34261.04,33254.32,33418.82,1399.79685758
1625961600,33426.36,34104.06,33014.21,33902.61,1497.37638092
1626048000,33890.48,34677.00,32721.03,32832.24,1974.70946626
1626134400,32793.03,33340.00,32231.63,32297.88,1987.26604635
1626220800,32286.64,33111.72,31589.35,32739.16,2740.38462473
1626307200,32738.65,33179.00,31121.57,31539.48,2422.76111399
1626393600,31533.98,32264.53,31012.93,31938.31,1964.67321180
1626480000,31900.00,31977.75,31176.66,31856.73,1491.31886853
1626566400,31869.45,32440.98,31100.00,31654.11,1336.28879193
1626652800,31625.42,31936.25,30400.00,30728.85,2459.37493889
1626739200,30748.31,31068.62,29296.39,29790.12,3191.53676300
1626825600,29790.12,32875.42,29483.23,31649.06,4877.23808173
1626912000,31634.86,32609.83,31506.10,32395.05,2539.07148867
1626998400,32387.90,32930.00,32000.00,32273.14,1786.88833798
1627084800,32267.75,34534.32,32222.37,33883.88,1701.41816646
1627171200,33850.00,34854.88,33679.12,34379.00,1690.63803123
1627257600,34379.00,40581.30,34326.99,39362.65,7048.70850072
1627344000,39318.83,39489.25,36386.19,37828.87,7767.93453797
1627430400,37816.22,40927.53,37816.22,40410.91,4085.09407596
1627516800,40373.57,40662.80,39239.95,39699.25,2221.27258903
1627603200,39677.03,40412.69,38331.37,39901.00,2724.14195691
1627689600,39909.99,42411.32,39739.00,41335.16,2568.17807578
1627776000,41317.48,42614.85,40621.00,41260.00,1536.30212140
1627862400,41279.64,41524.91,38920.08,39189.39,2765.90243929
1627948800,39169.71,39792.83,37639.00,37984.63,3017.26192340
1628035200,38005.47,39863.00,37481.00,39751.38,4469.64603431
1628121600,39797.62,41401.96,37300.00,40695.28,5561.64049310
1628208000,40756.27,43381.00,39879.47,42913.50,3232.93392634
1628294400,42935.59,44646.39,42251.00,44015.10,4100.87502142
1628380800,43968.11,45355.00,43298.84,43743.70,4321.24776344
1628467200,43746.45,46529.02,42811.26,46021.26,3927.99115205
1628553600,45995.58,46759.00,44643.00,45529.93,3476.76665839
1628640000,45529.93,46787.60,45250.00,46475.20,2490.88683427
1628726400,46471.59,46695.34,43800.02,44411.82,2580.42748716
1628812800,44407.42,46727.79,43874.82,46467.60,2272.41558437
1628899200,46467.50,48190.00,46000.00,47098.49,2654.62167642
1628985600,47087.83,47424.00,45500.27,46366.38,1558.83484356
1629072000,46398.22,48075.22,45968.00,46101.61,2488.42499139
1629158400,46060.00,47183.37,45253.79,45482.99,2902.64921821
1629244800,45455.69,46041.62,44218.73,44898.40,2733.60246918
1629331200,44880.00,46774.77,43935.54,46710.14,2448.32336977
1629417600,46745.28,49163.98,46344.22,48701.97,2917.78872839
1629504000,48680.71,49833.02,48300.00,48979.19,2034.46998393
1629590400,48986.08,49505.86,48080.17,48692.21,1018.45590538
1629676800,48678.31,50562.11,48287.06,49228.63,2337.73554785
1629763200,49239.40,49893.50,47750.00,48249.72,2236.48851293
1629849600,48245.57,49180.00,47100.00,48684.36,1899.30522069
1629936000,48697.99,49387.60,46309.33,46967.83,2111.57619768
1630022400,46944.84,48594.59,46363.00,48339.59,1856.74906416
1630108800,48332.44,49325.00,48188.88,48677.19,898.74844345
1630195200,48694.06,49666.00,47798.29,48830.47,970.54874799
1630281600,48846.64,49420.72,47364.83,48650.00,1353.12475289
1630368000,48650.00,48733.72,46699.00,47321.52,2237.75536252
1630454400,47306.81,49134.00,46532.42,48162.13,2459.06756983
1630540800,48150.00,50390.00,48122.71,49355.82,2337.19212716
1630627200,49355.24,51050.00,48351.60,50568.41,2134.31222994
1630713600,50542.00,50570.94,49388.26,50023.26,995.20880702
1630800000,50023.26,50900.00,49500.00,50722.13,754.69424672
1630886400,50729.52,52230.34,50658.53,51750.00,2086.74785481
1630972800,51750.00,52956.47,42900.01,46693.90,6170.65995843
1631059200,46700.00,47386.72,44436.93,46466.52,3797.50393685
1631145600,46466.52,47419.95,45550.00,46582.77,2858.88483126
1631232000,46593.80,47029.08,44738.28,45645.39,2068.34557649
1631318400,45656.30,45993.32,44125.00,45373.69,1313.34047926
1631404800,45334.70,46278.38,44752.96,45914.13,844.64328899
1631491200,45897.20,46895.82,43400.00,44772.31,2432.49747152
1631577600,44769.39,46964.93,44704.18,46490.90,1515.98378666
1631664000,46499.51,48455.00,46392.77,48108.49,1412.64925097
1631750400,48110.99,48505.00,47106.16,47458.06,1816.81678285
1631836800,47458.37,48179.00,46712.14,47485.00,1573.91531334
1631923200,47515.32,48834.00,46791.45,48271.63,1509.98495238
1632009600,48254.40,48397.69,47085.00,47391.00,947.71701440
1632096000,47374.04,47670.57,42453.97,43879.23,3983.84642108
1632182400,43838.73,43964.76,40192.90,42014.08,4785.00094178
1632268800,41995.36,44031.85,39573.21,43451.34,4154.62132733
1632355200,43450.49,44949.05,43050.00,44823.96,2656.44802419
1632441600,44807.49,45159.90,40693.27,42418.01,4296.16541161
1632528000,42416.81,43257.00,41689.60,42666.86,1058.05934694
1632614400,42723.22,43780.58,40808.00,43261.11,1389.23990214
1632700800,43312.10,44377.70,42690.49,43057.01,1659.24062184
1632787200,43042.79,43425.80,41099.98,41575.90,2610.26070776
1632873600,41622.40,42595.93,40750.00,41194.33,1891.34799917
1632960000,41175.95,44117.74,40900.00,43540.00,2555.58391789
1633046400,43545.62,48236.08,43094.68,48046.25,3380.90842342
1633132800,48058.24,48500.00,47468.15,48274.06,1510.62860187
1633219200,48276.12,49225.55,47119.87,48818.68,1004.72368270
1633305600,48841.41,49530.53,46900.00,49403.87,2717.48045825
1633392000,49424.19,51416.56,48575.00,51220.53,1998.36631115
1633478400,51231.48,55499.96,50428.64,55080.67,4665.21805088
1633564800,55080.67,55800.00,53289.57,53991.95,2460.87201107
1633651200,53991.95,56168.00,53623.02,54709.69,2140.19003754
1633737600,54692.17,55512.05,53674.69,54669.39,1205.38149361
1633824000,54669.39,56096.97,54129.43,55503.36,1147.87295938
1633910400,55486.91,57855.79,51000.00,57493.74,2443.88910040
1633996800,57479.84,57701.00,55111.00,55307.14,2807.70654153
1634083200,55316.92,57300.00,53909.00,57271.10,3663.19244526
1634169600,57281.00,58550.00,56632.52,57874.33,2057.38784690
1634256000,57877.42,61869.05,56877.00,61454.19,3715.72369454
1634342400,61445.79,62944.94,60100.27,60837.26,1782.50830150
1634428800,60841.56,61442.47,60330.51,60521.65,764.58918888
1634515200,60488.09,62679.00,58933.00,61437.66,5600.84071083
1634601600,61413.68,64336.21,61135.08,64248.07,3092.10196837
1634688000,64232.16,67016.50,63529.00,66407.91,3731.56953752
1634774400,66429.76,66664.10,61850.00,62786.41,3971.61051342
1634860800,62834.33,63757.28,59953.74,61035.68,3139.53574510
1634947200,61018.92,61737.38,59633.61,61017.81,1083.57424538
1635033600,60989.45,61497.33,59510.00,60660.20,1220.95843048
1635120000,60632.44,63733.93,60567.19,62677.17,1675.66342787
1635206400,62691.90,63374.09,61790.00,61976.54,1549.78210366
1635292800,61996.87,62309.40,58100.01,59122.37,3670.69449234
1635379200,59139.64,61848.54,56425.00,61310.00,3458.70040388
1635465600,61340.00,62971.54,60154.53,62574.67,4445.33187319
1635552000,62574.63,62741.72,60660.02,61759.54,1590.66583190
1635638400,61762.41,62438.85,60000.00,60730.85,1452.19413288
1635724800,60726.59,62500.00,59500.00,61496.40,2506.82372657
1635811200,61499.70,64300.00,60451.96,63612.72,3020.43827261
1635897600,63612.72,63627.32,60018.46,62853.04,2497.18650762
1635984000,62874.83,63258.98,60725.00,61277.48,1601.61838746
1636070400,61277.48,62666.52,60784.88,61148.05,1576.46803277
1636156800,61158.48,61609.50,60109.91,61233.02,1174.32102259
1636243200,61247.30,62557.44,61164.96,62509.57,1099.39010443
1636329600,62500.69,66555.00,62200.20,65953.85,2398.86173991
1636416000,65953.78,68564.40,65589.02,66554.72,2420.88641422
1636502400,66549.91,69000.00,65982.95,67773.76,1819.89684498
1636588800,67777.90,68013.46,62856.71,64794.67,3247.36104723
1636675200,64777.53,65497.53,62294.84,63908.14,2351.53044438
1636761600,63908.14,64980.00,63400.00,64133.94,1105.51802077
1636848000,64142.33,65350.85,63595.76,64013.96,1064.64982377
1636934400,64025.45,66387.40,63650.00,63812.17,1868.22153339
1637020800,63812.17,64327.78,58563.00,59965.27,4390.73804473
1637107200,59946.59,61179.12,58400.00,60482.42,3879.85147078
1637193600,60490.78,60978.39,56565.02,58029.40,5372.86689649
1637280000,58014.86,58525.84,55640.00,57952.03,4122.65475492
1637366400,57960.44,59680.00,57424.27,59490.18,1385.28262876
1637452800,59490.18,60090.55,58525.84,59514.42,977.21179750
1637539200,59524.85,59745.96,56449.21,56488.54,2270.65318038
1637625600,56477.40,57758.83,55128.60,57457.90,3011.81129552
1637712000,57436.58,57897.54,55894.62,56804.69,2034.99657176
1637798400,56818.58,59445.45,56560.85,59157.57,1409.00999968
1637884800,59170.62,59364.85,53524.03,54098.57,4838.25621988
1637971200,54112.41,55382.00,53539.56,55030.06,1734.54251856
1638057600,55008.25,55111.73,53308.93,54189.09,1118.02920025
1638144000,54177.02,58931.07,54105.89,58725.38,2236.57309157
1638230400,58706.02,59250.00,55918.80,58349.19,3584.37091238
1638316800,58383.09,59099.64,56700.00,57516.92,1929.56988061
1638403200,57470.64,57753.86,55839.85,56742.43,3429.53323464
1638489600,56756.60,57652.00,54462.45,54881.49,1994.34204377
1638576000,54861.55,54889.59,41967.50,48946.46,10485.05020667
1638662400,48948.84,49777.62,47836.34,49173.36,4764.52883847
1638748800,49178.07,49598.85,47111.00,49235.10,4994.73135284
1638835200,49263.48,51991.00,48817.20,50969.13,2299.78228845
1638921600,50957.63,51249.41,48656.20,50595.05,1628.25679556
1639008000,50616.92,50915.00,47520.00,47771.81,2320.37941932
1639094400,47780.43,50132.88,47275.71,47844.95,2667.01093148
1639180800,47840.44,49301.00,46789.00,48679.95,1603.11456718
1639267200,48713.47,50800.00,48397.64,50530.23,1220.83810208
1639353600,50547.37,50619.39,46670.00,47482.97,2546.61046221
1639440000,47405.10,47960.98,45750.00,46683.02,2560.57643912
1639526400,46682.90,48785.37,46560.00,47835.84,2081.28525031
1639612800,47829.28,49514.85,47260.00,47999.48,2133.48467094
1639699200,47999.48,48413.51,45478.74,47010.22,1937.17306993
1639785600,47004.98,47370.14,45501.00,46752.63,1198.76119738
1639872000,46779.11,48307.34,46359.67,47152.40,1144.55272835
1639958400,47116.82,47562.16,45572.94,46272.20,1598.30077662
1640044800,46294.87,49353.49,46247.24,48473.38,1863.07351722
1640131200,48446.76,49600.00,48349.35,48590.59,1331.08010074
1640217600,48592.86,50793.20,48051.10,50576.36,1474.26230981
1640304000,50595.54,51679.90,50442.34,51632.85,1557.16428122
1640390400,51631.11,51864.56,50190.90,51031.89,838.41078060
1640476800,51035.80,51130.73,49458.85,50404.53,1055.79388843
1640563200,50403.76,52098.60,49953.42,51716.62,1126.19840984
1640649600,51708.80,51739.98,47631.22,47799.45,1967.05340016
1640736000,47799.48,48157.41,46596.00,47548.00,2040.73649265
1640822400,47547.85,47900.00,45934.37,47877.61,2325.81028254
1640908800,47895.43,48589.47,46494.35,46648.83,1667.59012885
1640995200,46659.24,47960.98,45655.31,47587.72,1144.56850913
1641081600,47609.27,47989.00,46660.00,47068.62,581.27882235
1641168000,47058.90,47586.58,46288.83,46463.80,987.15886001
1641254400,46503.28,47526.00,45539.05,45734.74,1693.04465486
1641340800,45717.81,46855.06,45554.00,45927.26,2042.91335132
1641427200,45904.12,46088.16,42413.59,43380.98,3940.31887002
1641513600,43387.55,43584.75,40600.00,41707.08,2951.98024383
1641600000,41752.50,42235.62,40569.62,40664.58,1384.94031453
1641686400,40668.89,42315.31,40517.05,41993.00,1669.15675715
1641772800,41986.20,42796.49,39558.70,41638.27,3550.59798010
1641859200,41617.89,43116.00,41176.12,42776.90,2437.64127209
1641945600,42762.19,44099.05,42471.17,43628.46,2638.42192937
1642032000,43618.04,44456.34,42587.95,42734.98,1982.83416887
1642118400,42727.00,43351.50,41782.21,43084.11,1507.99891305
1642204800,43100.44,43563.09,42387.86,43387.30,705.13594913
1642291200,43361.79,43826.80,42615.00,43088.22,664.37478224
1642377600,43091.86,43285.61,41860.00,42210.87,850.55532630
1642464000,42204.81,42439.24,41290.06,41629.14,1631.82710514
1642550400,41622.13,42685.25,41145.23,42026.67,1747.18868610
1642636800,42000.58,43518.69,41559.00,42847.85,1559.39026532
1642723200,42868.20,43225.84,37683.90,38294.12,5264.85713021
1642809600,38336.33,38521.40,34000.00,34399.79,5898.40987106
1642896000,34412.93,36183.40,34363.25,34981.42,2693.95016254
1642982400,34954.00,38050.00,32950.72,36211.30,5765.42088013
1643068800,36188.70,37556.25,35671.69,37355.10,3459.23365455
1643155200,37335.86,38532.44,36442.83,37975.94,2308.48723219
1643241600,37981.70,38946.00,35535.00,36238.41,3937.09585788
1643328000,36220.53,37534.15,35511.32,37095.66,2815.23143158
1643414400,37080.63,38225.27,36775.00,37829.77,1442.92547761
1643500800,37843.54,38741.67,37752.05,37848.77,864.46757388
1643587200,37850.11,38621.90,36631.66,38479.91,1778.58713318
1643673600,38495.66,39285.00,38033.78,38549.82,2280.75210507
1643760000,38549.83,38912.40,37085.00,37535.42,1464.74469907
1643846400,37495.01,37694.71,36264.55,36795.98,1618.85540711
1643932800,36795.98,40694.23,36270.00,40496.05,3523.65222481
1644019200,40517.41,41983.12,40381.58,41703.96,2482.20719710
1644105600,41699.38,42232.58,41141.81,41529.67,874.17292543
1644192000,41543.98,44524.18,41527.95,44114.19,2463.85343656
1644278400,44107.36,45501.00,42701.19,43012.22,2485.95999221
1644364800,43003.97,44488.88,42721.09,44216.58,1755.65974889
1644451200,44224.18,45850.00,43209.07,45251.87,2410.15048114
1644537600,45254.24,45289.88,42506.51,42699.87,2143.97555177
1644624000,42684.22,43162.88,41741.88,42867.20,1304.24107187
1644710400,42863.82,42912.03,41740.06,42003.38,637.21906795
1644796800,41978.47,42871.68,41575.00,42259.82,1096.65261044
1644883200,42243.18,44543.90,41825.39,44154.80,1768.15390776
1644969600,44169.13,44785.66,43312.83,43880.72,1166.43519562
1645056000,43889.39,44407.51,40804.60,41331.01,2234.82719071
1645142400,41296.29,41296.29,39450.00,40165.13,2544.21137622
1645228800,40193.44,40471.27,39587.08,40148.73,887.05531478
1645315200,40140.43,40166.49,37974.18,38423.09,1105.06968415
1645401600,38423.09,39494.11,37200.02,37810.55,2959.84484548
1645488000,37761.56,38463.90,36368.99,37741.64,2857.35311152
1645574400,37733.92,39303.24,37552.30,37790.51,1700.34143046
1645660800,37787.37,37897.60,34324.05,36435.58,5409.51298334
1645747200,36456.62,39727.97,36268.71,38685.67,3120.49115543
1645833600,38685.59,40330.99,38556.28,39136.15,1083.66891180
1645920000,39149.58,39886.92,38218.11,38923.63,916.38619094
1646006400,38896.58,41476.20,37015.74,41233.87,3085.28900343
1646092800,41228.49,44981.22,41036.37,43852.00,3597.19501377
1646179200,43857.31,45332.38,43350.00,43621.93,2117.26047689
1646265600,43621.93,44380.88,42044.00,42264.52,1933.71061109
1646352000,42264.59,42716.97,40409.18,40598.77,2431.98770589
1646438400,40614.01,40648.37,38590.95,39403.69,1244.48217056
1646524800,39424.50,39701.00,38100.00,38888.92,1092.52725803
1646611200,38900.70,39557.26,37592.73,37995.65,1673.38182711
1646697600,37977.34,39377.00,37169.52,38740.60,2151.17195777
1646784000,38664.99,42591.68,38391.40,42047.59,2019.65212449
1646870400,42050.58,42337.05,38545.19,39186.11,2474.75786935
1646956800,39205.99,40237.22,38244.76,38654.92,1865.70436091
1647043200,38602.54,39458.58,38310.71,39085.54,1301.48783891
1647129600,39063.33,39312.50,38400.00,38883.69,550.43854515
1647216000,38859.30,39303.25,37567.19,38795.53,1401.47117526
1647302400,38805.15,39913.42,38142.35,39718.50,1566.16172797
1647388800,39736.87,41693.97,38865.67,40897.34,5744.66260851
1647475200,40887.91,41497.24,40449.06,40906.04,2173.57343753
1647561600,40906.04,42144.95,40068.88,42055.89,2029.76823766
1647648000,42085.13,42362.00,41553.88,42066.94,893.51823388
1647734400,42041.57,42405.01,40930.20,41410.00,1036.84164295
1647820800,41410.00,41693.97,40516.86,41199.35,2010.06541090
1647907200,41198.64,43337.41,40901.13,42309.72,2256.63733042
1647993600,42289.41,42896.70,41779.11,42241.47,1920.76670576
1648080000,42242.37,44240.00,42205.96,43948.31,2252.09724373
1648166400,43953.46,45137.12,43616.88,44470.73,1740.35951083
1648252800,44470.72,44633.54,44101.00,44388.61,435.38927400
1648339200,44395.41,45043.65,44294.39,44864.48,646.16576224
1648425600,44864.48,48234.00,44715.15,47988.70,3423.11134027
1648512000,47974.06,48128.87,46897.00,47755.31,1771.67890646
1648598400,47736.91,47759.56,46572.15,47111.08,1796.73042086
1648684800,47111.70,47624.18,45532.72,45622.39,1210.42149746
1648771200,45617.11,46739.81,44244.00,46397.67,2140.81007322
1648857600,46382.07,47218.17,45650.00,46173.21,726.21179085
1648944000,46150.89,46790.01,45565.64,46425.74,747.24662946
1649030400,46440.01,47458.48,45124.79,45941.38,1549.82187014
1649116800,45933.78,47201.00,45479.27,45996.45,1311.82132477
1649203200,46023.56,46115.56,43086.80,43772.68,2970.11899254
1649289600,43772.45,44028.74,42741.52,43400.00,1538.41324809
1649376000,43389.57,43986.09,42410.48,42745.99,1361.79851915
1649462400,42739.32,42881.70,42120.00,42532.37,625.16954024
1649548800,42549.99,43306.06,42406.80,43274.32,528.69172082
1649635200,43282.60,43450.72,39782.99,40001.68,2128.77026486
1649721600,39981.10,40691.01,39218.15,39299.35,2391.51203453
1649808000,39321.10,41557.61,39273.65,41067.61,1796.43787320
1649894400,41050.01,41504.29,39582.53,39785.01,1132.75006726
1649980800,39767.37,40869.99,39670.71,40329.67,816.35391598
1650067200,40321.60,40700.00,40014.79,40228.65,352.66350566
1650153600,40225.16,40701.00,39859.25,40397.99,410.02030940
1650240000,40399.49,41004.10,38547.12,40664.76,2453.63960165
1650326400,40717.85,41754.05,40578.58,41444.08,1325.04549057
1650412800,41406.05,42220.04,40893.21,41192.59,1492.20632745
1650499200,41200.36,42978.95,41158.15,41225.89,1628.24619742
1650585600,41244.49,41310.31,39197.64,39500.77,2689.94305396
1650672000,39490.38,39983.98,39301.00,39774.97,417.69296928
1650758400,39774.97,39953.47,38987.00,39712.15,586.25079677
1650844800,39712.05,40372.82,38202.91,40235.39,2041.57172610
1650931200,40251.85,40800.00,37868.87,38280.00,2598.58555553
1651017600,38289.99,39494.73,37701.00,38880.44,2112.03836986
1651104000,38876.08,40387.00,38835.95,39999.79,2001.07901453
1651190400,39977.24,40227.01,38174.27,38336.85,1615.20063835
1651276800,38372.63,38786.95,38160.40,38487.71,566.37390394
1651363200,38484.87,38672.20,37400.00,37796.40,1264.81238208
1651449600,37803.32,39153.13,37659.24,38544.97,1501.94961967
1651536000,38556.53,38898.73,37515.83,37707.07,1206.11622107
1651622400,37703.08,40050.19,37529.51,39837.52,2188.02394513
1651708800,39834.48,39926.46,35579.40,36351.93,3512.50273038
1651795200,36271.02,36648.20,35268.69,35988.76,2996.15267972
1651881600,35993.92,36123.99,35726.40,35867.78,531.77029797
1651968000,35869.73,35869.73,33710.16,34595.74,3131.58562982
1652054400,34587.02,34638.27,30331.28,30958.65,5792.30720768
1652140800,30960.24,32650.00,29731.03,31323.69,8636.87112149
1652227200,31316.37,32148.15,29011.10,29314.51,9435.52804718
1652313600,29323.69,30090.70,25401.05,28558.82,18067.62789584
1652400000,28570.62,30974.60,27946.74,30027.62,6450.87651980
1652486400,30039.90,30076.26,28561.23,29298.37,3178.26108642
1652572800,29311.63,30508.80,29277.48,30430.91,2016.75974116
1652659200,30430.93,31411.48,29060.00,29569.70,3312.19378960
1652745600,29555.88,30753.96,29400.00,30074.73,2216.90834731
1652832000,30072.62,30670.00,28694.31,29219.79,2189.06068820
1652918400,29237.50,30505.14,28615.23,29925.07,2678.96286716
1653004800,29925.07,30725.56,28690.13,29253.88,2434.82540269
1653091200,29265.95,29621.01,28914.70,29439.71,582.12543548
1653177600,29441.13,30275.41,29209.03,29902.45,1163.22103623
1653264000,29895.87,30628.00,29050.00,29050.00,2041.65880360
1653350400,29043.83,29603.28,28632.40,29362.16,1543.76300774
1653436800,29371.41,30189.70,29233.09,29563.54,1679.98318595
1653523200,29572.03,29859.75,28003.00,29366.82,2822.37610595
1653609600,29353.13,29656.96,28253.57,28855.34,2096.70668009
1653696000,28813.62,29231.90,28482.00,29003.52,786.54066505
1653782400,28991.83,29451.28,28814.46,29105.21,892.00736385
1653868800,29087.56,30903.04,29066.13,30630.52,2361.09600724
1653955200,30624.62,32375.81,30514.42,31610.61,2547.66509407
1654041600,31610.61,31962.79,29869.97,30104.83,2139.64659123
1654128000,30076.79,30379.68,29309.84,30284.03,1596.32895309
1654214400,30282.40,30688.82,29232.99,29562.14,1258.57216978
1654300800,29547.81,29942.00,29444.21,29636.08,455.43902789
1654387200,29623.41,30153.18,29514.96,30043.39,598.65979657
1654473600,30037.19,31737.31,29790.69,31441.76,2425.42498821
1654560000,31456.98,31580.51,29184.25,31024.08,2803.06246832
1654646400,31075.84,31536.11,29831.85,30116.00,2775.20498576
1654732800,30117.01,30672.56,29920.56,29990.88,967.42848636
1654819200,29975.75,30333.81,28832.83,28937.05,2512.62235797
1654905600,28951.83,29403.62,28085.75,28571.03,1665.99584735
1654992000,28571.75,28656.81,26868.19,27387.23,2182.01283923
1655078400,27383.72,27506.62,22600.00,23144.08,11560.65117892
1655164800,23147.74,23753.38,20816.35,22159.78,9056.31399419
1655251200,22159.78,22345.70,20079.72,21592.60,13498.10922235
1655337600,21597.13,22957.01,20702.70,20848.73,4632.92290662
1655424000,20837.70,21325.06,20200.00,20500.00,4612.03834331
1655510400,20497.41,20758.00,18004.95,18047.74,5586.18936741
1655596800,18038.44,20278.47,17592.78,20090.03,7131.08219373
1655683200,20104.68,21036.89,19616.10,20051.04,5027.31590065
1655769600,20042.86,21708.76,19976.43,20871.69,3922.26986752
1655856000,20863.25,21026.09,19823.69,20100.98,4034.75076164
1655942400,20115.38,20921.09,19743.99,20894.01,2468.95595425
1656028800,20894.01,21425.00,20654.60,21233.64,2887.03831259
1656115200,21239.02,21586.67,20890.00,21194.44,1297.79547398
1656201600,21200.72,21868.00,21122.22,21277.60,1346.75986321
1656288000,21275.99,21516.85,20491.28,20829.08,1766.85174532
1656374400,20840.83,21178.73,20201.10,20238.96,2015.86551313
1656460800,20230.56,20440.00,19827.00,20201.96,1596.49340140
1656547200,20205.74,20398.99,18736.71,18901.60,2754.51599755
1656633600,18892.96,20895.08,18595.60,19359.05,6481.66066444
1656720000,19372.79,19667.52,18960.00,19246.22,1126.18623475
1656806400,19241.14,19513.67,18763.96,19480.60,1897.35885221
1656892800,19482.14,20085.25,19032.44,19803.63,1945.69624699
1656979200,19804.43,20474.07,19281.82,20378.70,2658.75932559
1657065600,20377.42,20720.00,19750.16,20295.32,2346.17549562
1657152000,20302.86,21844.63,20237.58,21835.16,3300.85573326
1657238400,21845.00,22401.00,21164.07,21786.43,3424.44070892
1657324800,21788.09,22013.04,21311.36,21618.77,1092.81134470
1657411200,21607.28,21739.83,20629.99,20918.25,1226.64975661
1657497600,20910.32,21170.42,20251.72,20491.63,1362.60871038
1657584000,20477.40,20541.44,19274.88,19382.50,1870.14662261
1657670400,19381.59,20102.05,18905.55,19645.03,2830.14379503
1657756800,19645.03,20880.00,19577.91,20578.79,2957.39396333
1657843200,20608.68,21164.65,20368.70,21159.36,1535.89386116
1657929600,21161.63,21577.00,20472.68,21182.79,1652.28572322
1658016000,21184.79,21664.52,20826.82,21030.89,1538.31229882
1658102400,21030.89,22760.04,20751.08,21615.00,3671.81075705
1658188800,21620.05,23684.73,21444.68,23409.44,4784.17338245
1658275200,23422.76,24280.30,22893.95,23673.67,3792.49982467
1658361600,23674.37,23796.16,22340.34,23210.61,2948.72803091
1658448000,23196.14,23760.87,22550.00,22591.06,2189.37919791
1658534400,22605.47,23005.68,21944.47,22281.94,997.28073939
1658620800,22271.14,22911.07,22235.30,22716.65,687.83266114
1658707200,22696.26,23006.77,21564.61,21905.01,1687.58511881
1658793600,21902.34,22249.38,20700.13,20935.13,2327.31432987
1658880000,20920.28,23112.90,20822.63,22780.60,2853.89255753
1658966400,22797.55,24114.71,22580.81,23790.88,3335.51957432
1659052800,23806.07,24445.00,23438.50,23899.15,2722.46546722
1659139200,23923.87,24676.00,23659.16,23944.23,1648.16802835
1659225600,23940.63,24190.09,23379.45,23837.21,1786.80635535
1659312000,23848.21,23901.80,22861.00,22971.06,1340.87500454
1659398400,22969.19,23468.33,22665.98,22954.90,1560.18092276
1659484800,22954.90,23642.14,22686.12,23472.97,1019.38343556
1659571200,23469.78,23501.38,22400.00,22460.90,1788.98790559
1659657600,22479.30,23478.00,22462.88,22949.16,1929.22125398
1659744000,22924.21,23354.54,22854.91,23199.13,755.29960851
1659830400,23199.28,23300.00,22855.14,23163.32,628.82538695
1659916800,23178.23,24246.06,23073.86,23933.95,1728.38588591
1660003200,23924.51,24109.10,22880.22,23072.86,1364.10551658
1660089600,23073.48,24179.00,22668.57,23646.00,1993.21230490
1660176000,23658.00,24921.00,23636.00,24240.00,2122.82164689
1660262400,24242.00,24345.00,23615.00,24194.00,1395.66094806
1660348800,24186.00,24900.00,24070.00,24418.00,967.26289947
1660435200,24417.00,25053.00,24161.00,24292.00,1349.52595338
1660521600,24300.00,25212.00,23900.00,23982.00,1595.34944403
1660608000,23997.00,24250.00,23673.00,23941.00,984.80330497
1660694400,23945.00,24448.00,23240.00,23279.00,1674.57796651
1660780800,23281.00,23593.00,23176.00,23341.00,964.11128862
1660867200,23351.00,23450.00,21156.00,21334.00,3118.34991187
1660953600,21329.00,21385.00,20785.00,20989.00,1729.81098593
1661040000,20992.00,21586.00,20769.00,21516.00,1012.55091894
1661126400,21525.00,21778.00,20901.00,21042.00,1549.09057077
1661212800,21053.00,21672.00,20899.00,21516.00,1382.71737169
1661299200,21517.00,21892.00,21142.00,21701.00,1664.42054083
1661385600,21716.00,21813.00,21319.00,21602.00,1249.58280255
1661472000,21602.00,21870.00,20533.00,20648.00,3019.93321589
1661558400,20647.00,20763.00,19766.00,20025.00,1843.54744796
1661644800,20018.00,20159.00,19823.00,19973.00,538.10136433
1661731200,19973.00,20415.00,19526.00,20092.00,1556.56721980
1661817600,20098.00,20575.00,19552.00,19955.00,1995.31382136
1661904000,19948.00,20490.00,19757.00,20219.00,1910.72525470
1661990400,20222.00,20289.00,19573.00,19872.00,1983.42147819
1662076800,19866.00,20440.00,19762.00,19911.00,1968.05731338
1662163200,19912.00,20053.00,19667.00,19716.00,526.73868661
1662249600,19706.00,19950.00,19586.00,19881.00,434.65521824
1662336000,19883.00,20051.00,19634.00,19704.00,885.62794494
1662422400,19706.00,20181.00,18783.00,18820.00,2415.12954939
1662508800,18826.00,19192.00,18540.00,19000.00,2386.73785225
1662595200,18995.00,19456.00,18995.00,19351.00,1965.25570523
1662681600,19349.00,21424.00,19251.00,21296.00,3859.38010566
1662768000,21295.00,21671.00,21125.00,21587.00,1610.66326386
1662854400,21586.00,21871.00,21360.00,21625.00,807.73176038
1662940800,21624.00,22481.00,21463.00,22431.00,2635.33825484
1663027200,22436.00,22781.00,20058.00,20288.00,3481.42118756
1663113600,20284.00,20526.00,19623.00,19968.00,2976.34483121
1663200000,19949.00,20432.00,19500.00,19779.00,2585.58761899
1663286400,19803.00,19891.00,19330.00,19615.00,2490.83287290
1663372800,19619.00,20187.00,19619.00,20010.00,1160.46802438
1663459200,20015.00,20144.00,19554.00,19722.00,1307.07385450
1663545600,19724.00,19746.00,18271.00,19514.00,3636.04170702
1663632000,19509.00,19679.00,18717.00,18993.00,2439.21328284
1663718400,18995.00,19902.00,18704.00,19011.00,4426.50163159
1663804800,19005.00,19491.00,18157.00,19308.00,3650.80334490
1663891200,19320.00,19541.00,18533.00,18815.00,2240.01530859
1663977600,18809.00,19400.00,18806.00,19110.00,1250.81251238
1664064000,19107.00,19182.00,18817.00,18917.00,792.21582623
1664150400,18924.00,19313.00,18636.00,19200.00,3355.01750517
1664236800,19203.00,20381.00,18822.00,19082.00,4266.31623877
1664323200,19068.00,19656.00,18461.00,19543.00,3955.65573577
1664409600,19538.00,19770.00,18852.00,19399.00,1867.05771183
1664496000,19405.00,20171.00,19152.00,19495.00,2393.56868506
1664582400,19486.00,19535.00,19174.00,19269.00,471.13383638
1664668800,19266.00,19395.00,19050.00,19261.00,403.89076846
1664755200,19275.00,19651.00,18931.00,19539.00,1109.18157352
1664841600,19561.00,20271.00,19497.00,20221.00,1888.61512250
1664928000,20226.00,20469.00,19735.00,20114.00,2460.30767348
1665014400,20137.00,20447.00,19881.00,20019.00,1216.70362895
1665100800,20017.00,20072.00,19335.00,19463.00,1483.20028360
1665187200,19462.00,19644.00,19430.00,19474.00,416.02596061
1665273600,19467.00,19604.00,19259.00,19468.00,858.58740993
1665360000,19472.00,19525.00,19107.00,19218.00,934.73169012
1665446400,19210.00,19272.00,18853.00,18996.00,1498.63005563
1665532800,18999.00,19199.00,18967.00,19140.00,832.91029360
1665619200,19143.00,19504.00,18183.00,19375.00,2759.89302801
1665705600,19366.00,19947.00,19116.00,19169.00,1478.21105430
1665792000,19166.00,19229.00,19049.00,19105.00,355.82991652
1665878400,19103.00,19375.00,18990.00,19375.00,349.46688735
1665964800,19375.00,19672.00,19111.00,19527.00,1138.42878216
1666051200,19528.00,19700.00,19099.00,19220.00,1426.57421072
1666137600,19220.00,19431.00,19078.00,19226.00,1329.11642455
1666224000,19228.00,19340.00,18913.00,19061.00,1496.88192042
1666310400,19062.00,19245.00,18660.00,19189.00,2036.31092465
1666396800,19191.00,19250.00,19118.00,19186.00,476.82914723
1666483200,19187.00,19519.00,19079.00,19507.00,914.21753498
1666569600,19505.00,19689.00,19169.00,19345.00,1251.49935070
1666656000,19345.00,20418.00,19222.00,20276.00,2844.80784664
1666742400,20275.00,21012.00,19971.00,20751.00,2631.63892569
1666828800,20774.00,20906.00,20450.00,20628.00,1595.36098402
1666915200,20636.00,20750.00,20008.00,20614.00,2010.52863591
1667001600,20612.00,21078.00,20566.00,20844.00,1128.32811784
1667088000,20844.00,20931.00,20561.00,20655.00,841.10312957
1667174400,20655.00,20833.00,20243.00,20368.00,1800.54347879
1667260800,20364.00,20681.00,20334.00,20445.00,1336.00999723
1667347200,20448.00,20802.00,20116.00,20263.00,2113.52903992
1667433600,20241.00,20387.00,20039.00,20265.00,1197.14845073
1667520000,20269.00,21290.00,20164.00,21102.00,3211.68889639
1667606400,21103.00,21473.00,21058.00,21335.00,1056.16853291
1667692800,21335.00,21376.00,21151.00,21222.00,450.75269668
1667779200,21222.00,21231.00,20589.00,20707.00,1243.27333937
1667865600,20711.00,20889.00,18433.00,18612.00,7815.49288953
1667952000,18591.00,18722.00,16446.00,16585.00,10696.83864816
1668038400,16594.00,17964.00,15632.00,17354.00,9234.31072914
1668124800,17349.00,18150.00,16394.00,16806.00,5707.79336243
1668211200,16810.00,17065.00,16546.00,16842.00,3041.31913082
1668297600,16844.00,17240.00,16449.00,16499.00,2095.40948311
1668384000,16498.00,17130.00,15784.00,16590.00,7377.61584349
1668470400,16590.00,17095.00,16166.00,16721.00,6246.71335322
1668556800,16715.00,16980.00,16371.00,16534.00,4041.34204900
1668643200,16535.00,16754.00,16412.00,16694.00,2745.64108419
1668729600,16697.00,16971.00,16540.00,16570.00,2821.32476045
1668816000,16568.00,16708.00,16548.00,16612.00,1339.39025778
1668902400,16611.00,16799.00,16447.00,16562.00,1532.82610769
1668988800,16562.00,16580.00,15879.00,15954.00,4399.70864562
1669075200,15954.00,16281.00,15479.00,16124.00,5099.04500284
1669161600,16125.00,16619.00,16071.00,16525.00,3169.82969694
1669248000,16519.00,16783.00,16388.00,16576.00,2752.10507678
1669334400,16570.00,16616.00,16339.00,16483.00,1866.56739262
1669420800,16483.00,16685.00,16458.00,16467.00,1506.80765742
1669507200,16463.00,16584.00,16387.00,16556.00,1216.60314438
1669593600,16556.00,16587.00,16004.00,16156.00,3419.46270006
1669680000,16159.00,16529.00,16102.00,16412.00,2131.36718020
1669766400,16416.00,17072.00,16416.00,16926.00,3622.50866876
1669852800,16924.00,17250.00,16901.00,16934.00,3766.38799329
1669939200,16933.00,17102.00,16800.00,16957.00,2401.99731595
1670025600,16958.00,17150.00,16898.00,16972.00,1440.76403464
1670112000,16972.00,17154.00,16868.00,17068.00,1651.13864415
1670198400,17071.00,17418.00,16991.00,17048.00,2122.52566013
1670284800,17052.00,17100.00,16879.00,16977.00,1425.24435354
1670371200,16974.00,17131.00,16736.00,16789.00,1263.92056919
1670457600,16789.00,17281.00,16734.00,17244.00,1346.08469115
1670544000,17248.00,17353.00,17077.00,17150.00,1615.02144882
1670630400,17150.00,17223.00,17073.00,17188.00,738.61358936
1670716800,17189.00,17213.00,17100.00,17200.00,781.23280993
1670803200,17202.00,17264.00,16881.00,17029.00,1907.53367882
1670889600,17030.00,18106.00,17008.00,17713.00,3679.20660769
1670976000,17713.00,18373.00,17699.00,18231.00,3016.45937133
1671062400,18221.00,18303.00,17328.00,17398.00,2734.43134031
1671148800,17398.00,17525.00,16743.00,16824.00,2585.96589071
1671235200,16820.00,16954.00,16572.00,16708.00,1770.65200221
1671321600,16708.00,16794.00,16676.00,16746.00,618.43067238
1671408000,16746.00,16850.00,16525.00,16544.00,1655.55234222
1671494400,16543.00,17046.00,16293.00,16840.00,2478.54053122
1671580800,16843.00,16924.00,16719.00,16791.00,1577.01675988
1671667200,16792.00,16863.00,16570.00,16616.00,1678.20852084
1671753600,16615.00,16916.00,16613.00,16836.00,2371.42054367
1671840000,16836.00,16858.00,16768.00,16841.00,1151.72232500
1671926400,16841.00,16850.00,16731.00,16779.00,735.75146128
1672012800,16779.00,16910.00,16740.00,16816.00,744.92616633
1672099200,16816.00,16961.00,16608.00,16622.00,1871.24847104
1672185600,16622.00,16772.00,16559.00,16631.00,2178.93943386
1672272000,16629.00,16650.00,16465.00,16626.00,1602.48893065
1672358400,16626.00,16649.00,16337.00,16564.00,2212.00341510
1672444800,16561.00,16650.00,16531.00,16567.00,964.92245582
1672531200,16567.00,16592.00,16471.00,16584.00,513.24305925
1672617600,16588.00,16752.00,16552.00,16718.00,870.38219274
1672704000,16718.00,16782.00,16605.00,16638.00,1522.86539378
1672790400,16639.00,16978.00,16621.00,16948.00,1799.69488002
1672876800,16948.00,16984.00,16755.00,16839.00,1312.84610557
1672963200,16839.00,16869.00,16669.00,16845.00,1408.19146358
1673049600,16849.00,17024.00,16842.00,16936.00,973.88643545
1673136000,16936.00,17012.00,16915.00,16926.00,584.19516513
1673222400,16926.00,17393.00,16925.00,17350.00,2173.99168681
1673308800,17350.00,17439.00,17136.00,17434.00,1511.14636229
1673395200,17439.00,17549.00,17318.00,17488.00,1369.34997678
1673481600,17488.00,18972.00,17475.00,18802.00,4710.45370545
1673568000,18810.00,19389.00,18720.00,19300.00,3669.11286218
1673654400,19296.00,21247.00,19253.00,20761.00,7728.03452573
1673740800,20760.00,21070.00,20549.00,20819.00,1518.29461946
1673827200,20821.00,21411.00,20634.00,21284.00,2809.88806741
1673913600,21285.00,21594.00,20863.00,21351.00,2692.10287885
1674000000,21372.00,21646.00,20358.00,20934.00,3452.25074019
1674086400,20937.00,21017.00,20629.00,20981.00,2432.47606111
1674172800,20981.00,21435.00,20869.00,21391.00,2072.89602914
1674259200,21396.00,23362.00,21366.00,23253.00,3940.99524122
1674345600,23266.00,23310.00,22615.00,22838.00,1439.47081167
1674432000,22828.00,23167.00,22314.00,22950.00,1975.40633264
1674518400,22935.00,23162.00,22662.00,23003.00,1626.76914377
1674604800,23003.00,23082.00,22334.00,22732.00,1678.17420903
1674691200,22735.00,23815.00,22664.00,23042.00,2848.19610724
1674777600,23041.00,23250.00,22541.00,23191.00,1788.64649270
1674864000,23189.00,23500.00,22894.00,23004.00,1137.23886414
1674950400,23004.00,23755.00,22956.00,23688.00,1388.74717647
1675036800,23687.00,23954.00,22968.00,23136.00,1741.36866473
1675123200,23140.00,23215.00,22504.00,23171.00,1629.95578849
1675209600,23170.00,23318.00,22823.00,23068.00,1592.56167893
1675296000,23068.00,24258.00,22768.00,24061.00,3675.84219151
1675382400,24065.00,24071.00,23237.00,23420.00,1900.03437088
1675468800,23419.00,23582.00,23212.00,23451.00,1012.77301843
1675555200,23450.00,23459.00,22828.00,22854.00,1297.98631925
1675641600,22857.00,23148.00,22643.00,23022.00,1734.70808110
1675728000,23034.00,23338.00,22651.00,22927.00,2350.04968877
1675814400,22927.00,23439.00,22686.00,22897.00,1745.47064599
1675900800,22890.00,23003.00,22378.00,22514.00,1410.27873964
1675987200,22516.00,22523.00,21534.00,21707.00,2208.52582422
1676073600,21713.00,21839.00,21454.00,21657.00,900.08360411
1676160000,21656.00,22086.00,21648.00,21977.00,1378.68015635
1676246400,21982.00,22031.00,21376.00,21651.00,1803.79657289
1676332800,21649.00,22316.00,21555.00,22129.00,2147.63509107
1676419200,22117.00,23048.00,22064.00,22978.00,1299.64915500
1676505600,22981.00,25270.00,22951.00,24972.00,3834.97618219
1676592000,24974.00,25002.00,23369.00,24365.00,3208.88929711
1676678400,24366.00,25014.00,24083.00,24718.00,1813.67323054
1676764800,24717.00,25183.00,24294.00,24479.00,1543.35486461
1676851200,24479.00,25118.00,23862.00,24822.00,1947.93190951
1676937600,24822.00,25250.00,24289.00,24692.00,2103.61680936
1677024000,24690.00,24694.00,23594.00,23745.00,2016.52893906
1677110400,23744.00,24590.00,23636.00,23863.00,2194.58019426
1677196800,23870.00,24124.00,23000.00,23090.00,2330.93223335
1677283200,23090.00,23329.00,22865.00,22984.00,1365.74151127
1677369600,22982.00,23528.00,22770.00,23479.00,907.93708571
1677456000,23490.00,23890.00,23170.00,23290.00,1783.27132170
1677542400,23287.00,23594.00,23126.00,23485.00,1085.81567330
1677628800,23486.00,23990.00,23040.00,23695.00,1869.35562112
1677715200,23696.00,23791.00,23206.00,23452.00,1183.55250657
1677801600,23450.00,23566.00,22000.00,22314.00,2833.01405188
1677888000,22316.00,22401.00,22160.00,22324.00,742.49144128
1677974400,22326.00,22652.00,22170.00,22437.00,762.63354842
1678060800,22437.00,22590.00,22263.00,22504.00,1221.35285520
1678147200,22504.00,22547.00,21931.00,22201.00,1684.65205829
1678233600,22199.00,22275.00,21858.00,22021.00,1558.86197989
1678320000,22020.00,22121.00,20969.00,21008.00,1932.12831573
1678406400,21006.00,21006.00,19569.00,19851.00,5571.31533199
1678492800,19849.00,20874.00,19849.00,20459.00,4040.67263061
1678579200,20458.00,21605.00,20369.00,21089.00,2615.20327993
1678665600,21084.00,24618.00,21065.00,24388.00,7663.53715262
1678752000,24400.00,26533.00,24010.00,25128.00,7272.95435408
1678838400,25134.00,25273.00,23940.00,24442.00,5189.89607212
1678924800,24430.00,25217.00,24229.00,25033.00,2474.46912165
1679011200,25022.00,27025.00,24710.00,26887.00,4121.09122361
1679097600,26892.00,27818.00,26649.00,27425.00,3848.67642968
1679184000,27419.00,28460.00,26894.00,28347.00,2555.22125571
1679270400,28345.00,28567.00,27231.00,27870.00,4070.59795627
1679356800,27866.00,28497.00,27436.00,28205.00,3118.94784824
1679443200,28204.00,28936.00,26700.00,26700.00,4259.49203261
1679529600,26739.00,28818.00,26688.00,28405.00,3834.28694181
1679616000,28425.00,29380.00,27460.00,27855.00,2647.52466805
1679702400,27852.00,27893.00,27043.00,27243.00,1324.09315661
1679788800,27246.00,28217.00,27210.00,27852.00,1012.58451378
1679875200,27852.00,28160.00,26541.00,26970.00,2313.18591896
1679961600,26980.00,27514.00,26647.00,27427.00,2137.66215862
1680048000,27453.00,28650.00,27112.00,28417.00,2019.63253570
1680134400,28422.00,29170.00,27706.00,27977.00,2996.96589141
1680220800,28005.00,28653.00,27533.00,28460.00,2417.15757886
1680307200,28462.00,28816.00,28237.00,28398.00,693.85827922
1680393600,28398.00,28581.00,27893.00,27966.00,635.24014987
1680480000,27951.00,28506.00,27600.00,28098.00,1713.55690243
1680566400,28104.00,28447.00,27236.00,28201.00,2033.39231945
1680652800,28201.00,28782.00,27823.00,28258.00,1601.25217254
1680739200,28248.00,28304.00,27723.00,28037.00,1079.67515207
1680825600,28031.00,28137.00,27797.00,27923.00,473.33352618
1680912000,27920.00,28174.00,27862.00,27951.00,413.07208344
1680998400,27947.00,28268.00,27833.00,28167.00,477.45662297
1681084800,28174.00,29311.00,28117.00,29198.00,2168.19565125
1681171200,29194.00,30575.00,29101.00,30158.00,3165.75880810
1681257600,30158.00,30503.00,29689.00,29802.00,2158.23798948
1681344000,29818.00,30614.00,29798.00,30364.00,1428.14985097
1681430400,30365.00,31035.00,30001.00,30342.00,2461.81484246
1681516800,30347.00,30620.00,30249.00,30368.00,790.21385980
1681603200,30368.00,30567.00,30157.00,30322.00,461.53400435
1681689600,30338.00,30432.00,29247.00,29469.00,2094.59657716
1681776000,29484.00,30483.00,29122.00,30236.00,1848.90352315
1681862400,30234.00,30454.00,29015.00,29245.00,3191.99293744
1681948800,29225.00,29334.00,28005.00,28092.00,2994.30606041
1682035200,28088.00,28362.00,27193.00,27275.00,2523.04048087
1682121600,27276.00,27770.00,27137.00,27627.00,1003.14025600
1682208000,27628.00,27883.00,27347.00,27471.00,956.26962018
1682294400,27474.00,27998.00,26981.00,27380.00,2161.56222248
1682380800,27382.00,27779.00,27197.00,27612.00,1520.97674954
1682467200,27629.00,30022.00,27625.00,27897.00,4277.06789921
1682553600,27891.00,29887.00,27242.00,29662.00,4730.88235040
1682640000,29701.00,29787.00,28922.00,29337.00,2896.60304034
1682726400,29338.00,29460.00,29061.00,29267.00,941.11276659
1682812800,29262.00,29961.00,29115.00,29383.00,1361.94415031
1682899200,29374.00,29504.00,27783.00,27821.00,2712.24093620
1682985600,27809.00,28894.00,27666.00,28708.00,2070.47695074
1683072000,28705.00,28836.00,28138.00,28331.00,2453.41313037
1683158400,28324.00,29378.00,28297.00,28902.00,2127.94622322
1683244800,28907.00,29701.00,28767.00,29586.00,1980.36811472
1683331200,29589.00,29851.00,28422.00,28905.00,1334.64231644
1683417600,28919.00,29194.00,28718.00,28950.00,977.54036336
1683504000,28957.00,28991.00,27313.00,27363.00,2883.35678109
1683590400,27358.00,27841.00,27290.00,27723.00,1727.93491585
1683676800,27729.00,28328.00,26842.00,27717.00,2639.89081845
1683763200,27702.00,28000.00,26720.00,26852.00,2318.06957290
1683849600,26854.00,27093.00,25800.00,26473.00,4349.73358315
1683936000,26484.00,27052.00,26367.00,26853.00,1676.12573363
1684022400,26853.00,27202.00,26598.00,26891.00,1381.44013072
1684108800,26890.00,27666.00,26736.00,27413.00,1734.86432933
1684195200,27424.00,27424.00,26868.00,26934.00,1846.62588986
1684281600,26933.00,27440.00,26550.00,27375.00,2607.52110838
1684368000,27409.00,27488.00,26374.00,26755.00,2002.65435173
1684454400,26726.00,27176.00,26651.00,26836.00,1396.68587004
1684540800,26838.00,27153.00,26815.00,27075.00,546.44357037
1684627200,27082.00,27277.00,26800.00,26913.00,587.07060723
1684713600,26921.00,27078.00,26547.00,26856.00,1171.25496360
1684800000,26856.00,27478.00,26810.00,27195.00,1243.50473750
1684886400,27187.00,27254.00,26076.00,26246.00,2082.52376929
1684972800,26243.00,26611.00,25878.00,26467.00,1718.23542460
1685059200,26474.00,26937.00,26338.00,26775.00,1667.32289246
1685145600,26782.00,26842.00,26566.00,26743.00,639.45159331
1685232000,26743.00,27726.00,26737.00,27531.00,1301.37160035
1685318400,27531.00,28452.00,27531.00,27649.00,1984.96935313
1685404800,27641.00,28054.00,27570.00,27861.00,1594.63719854
1685491200,27863.00,27873.00,26857.00,27020.00,1800.22136120
1685577600,27024.00,27356.00,26625.00,26867.00,2024.53416189
1685664000,26876.00,27294.00,26519.00,27241.00,1708.62180105
1685750400,27248.00,27332.00,27050.00,27109.00,768.11558506
1685836800,27103.00,27302.00,26937.00,27223.00,540.06698666
1685923200,27223.00,27451.00,25389.00,25625.00,3909.97847442
1686009600,25618.00,27223.00,25350.00,27099.00,3858.71017337
1686096000,27109.00,27388.00,26250.00,26474.00,3084.16815085
1686182400,26481.00,26809.00,26140.00,26546.00,1675.45629333
1686268800,26537.00,26778.00,26289.00,26405.00,1128.19367011
1686355200,26406.00,26528.00,25420.00,25761.00,3007.98369233
1686441600,25760.00,26112.00,25657.00,26046.00,911.43917045
1686528000,26048.00,26209.00,25634.00,25821.00,1931.78506510
1686614400,25820.00,26422.00,25718.00,25896.00,1925.51363270
1686700800,25894.00,26078.00,25764.00,25871.00,1604.46222803
1686787200,25865.00,25870.00,24756.00,25439.00,3467.21800754
1686873600,25435.00,26485.00,25188.00,26364.00,3136.24007407
1686960000,26362.00,26785.00,26173.00,26465.00,1135.52922889
1687046400,26471.00,26659.00,26386.00,26643.00,787.77688910
1687132800,26643.00,27050.00,26260.00,26668.00,1901.54996167
1687219200,26686.00,28149.00,26651.00,28002.00,2536.57072056
1687305600,28004.00,30755.00,27883.00,30127.00,6477.98259423
1687392000,30137.00,30505.00,29600.00,30224.00,3513.99115133
1687478400,30225.00,31458.00,29820.00,30905.00,4640.17979307
1687564800,30914.00,30967.00,30287.00,30646.00,1487.64817656
1687651200,30642.00,31047.00,30344.00,30443.00,1372.76143302
1687737600,30440.00,30657.00,29941.00,30254.00,2232.72990899
1687824000,30272.00,31025.00,30117.00,30679.00,1918.00787408
1687910400,30678.00,30736.00,29868.00,30095.00,1904.16681534
1687996800,30094.00,30825.00,29954.00,30585.00,1794.71088500
1688083200,30584.00,31268.00,29508.00,30368.00,5165.82368450
1688169600,30364.00,30647.00,30321.00,30617.00,617.53270494
1688256000,30616.00,30681.00,30175.00,30564.00,937.28294960
1688342400,30564.00,31378.00,30439.00,31258.00,1645.32323476
1688428800,31259.00,31327.00,30637.00,30708.00,965.61841816
1688515200,30700.00,30866.00,30206.00,30439.00,1080.70961490
1688601600,30439.00,31500.00,29925.00,30313.00,2696.54772942
1688688000,30311.00,30445.00,29722.00,30244.00,2226.02819280
1688774400,30248.00,30383.00,30056.00,30117.00,710.99096202
1688860800,30115.00,30439.00,30067.00,30249.00,629.35624939
1688947200,30249.00,30840.00,29964.00,30840.00,1432.77168883
1689033600,30840.00,31037.00,30221.00,30582.00,1760.15504315
1689120000,30582.00,30960.00,30219.00,30278.00,1663.20638698
1689206400,30277.00,31818.00,30241.00,31637.00,2687.76334940
1689292800,31637.00,31708.00,29961.00,30122.00,2785.29717291
1689379200,30137.00,30403.00,30006.00,30340.00,831.69246360
1689465600,30340.00,30442.00,30067.00,30260.00,883.21432628
1689552000,30268.00,30370.00,29675.00,29901.00,1718.55359147
1689638400,29893.00,30293.00,29521.00,29719.00,1761.95373993
1689724800,29712.00,30188.00,29694.00,30047.00,1431.46083432
1689811200,30045.00,30414.00,29567.00,29752.00,1475.47321224
1689897600,29752.00,30051.00,29669.00,29874.00,1173.53405017
1689984000,29876.00,29995.00,29810.00,29841.00,588.50716901
1690070400,29841.00,30342.00,29640.00,30089.00,845.07053875
1690156800,30089.00,30138.00,28842.00,29107.00,2628.09211565
1690243200,29107.00,29362.00,29054.00,29195.00,1415.76589963
1690329600,29198.00,29500.00,29100.00,29403.00,1287.35565075
1690416000,29405.00,29678.00,29081.00,29158.00,1548.47103730
1690502400,29158.00,29525.00,29121.00,29319.00,1253.23272732
1690588800,29314.00,29404.00,29251.00,29339.00,437.39234316
1690675200,29338.00,29446.00,29117.00,29197.00,617.23376948
1690761600,29190.00,29511.00,29034.00,29157.00,997.22769773
1690848000,29153.00,29345.00,28574.00,29258.00,1956.57564727
1690934400,29261.00,30025.00,28929.00,29136.00,2369.75628385
1691020800,29126.00,29395.00,28925.00,29260.00,1338.17890510
1691107200,29255.00,29333.00,28924.00,28986.00,1286.47233575
1691193600,28990.00,29107.00,28784.00,29037.00,548.76382376
1691280000,29037.00,29099.00,28962.00,29051.00,321.94425581
1691366400,29053.00,29177.00,28671.00,29119.00,1534.88731344
1691452800,29119.00,29957.00,29088.00,29884.00,2102.78312615
1691539200,29890.00,30210.00,29377.00,29399.00,1707.61319476
1691625600,29395.00,29703.00,29294.00,29399.00,1214.64269649
1691712000,29398.00,29525.00,29222.00,29364.00,860.04798622
1691798400,29363.00,29465.00,29350.00,29403.00,360.00129930
1691884800,29401.00,29443.00,29314.00,29422.00,247.81924245
1691971200,29422.00,29659.00,29086.00,29323.00,1213.09901488
1692057600,29329.00,29455.00,29060.00,29149.00,1132.26011577
1692144000,29147.00,29224.00,28918.00,29078.00,1364.45847651
1692230400,29079.00,29106.00,27683.00,27852.00,3252.87391827
1692316800,27855.00,27885.00,25601.00,26046.00,4779.06333482
1692403200,26045.00,26264.00,25798.00,26126.00,1074.31403191
1692489600,26126.00,26210.00,25979.00,26138.00,676.24068136
1692576000,26137.00,26297.00,25828.00,26100.00,1415.78038926
1692662400,26098.00,26240.00,25721.00,25770.00,1453.58489409
1692748800,25776.00,26800.00,25350.00,26626.00,2367.68812304
1692835200,26619.00,26711.00,25852.00,26016.00,2291.52660802
1692921600,26025.00,26281.00,25748.00,25956.00,2039.63062722
1693008000,25945.00,26102.00,25939.00,26028.00,241.84595819
1693094400,26026.00,26168.00,25962.00,26115.00,390.07710472
1693180800,26113.00,26223.00,25856.00,25976.00,1126.00004486
1693267200,25975.00,28142.00,25913.00,27847.00,4428.30410288
1693353600,27855.00,27885.00,27006.00,27178.00,2134.54321720
1693440000,27198.00,27537.00,25946.00,26181.00,2457.11811251
1693526400,26147.00,26188.00,25333.00,25622.00,2361.74822497
1693612800,25628.00,25980.00,25561.00,25836.00,703.87327098
1693699200,25825.00,26071.00,25807.00,26002.00,664.95514572
1693785600,26002.00,26112.00,25729.00,25886.00,986.56117008
1693872000,25885.00,25904.00,25547.00,25672.00,1125.83423872
1693958400,25675.00,26000.00,25386.00,25659.00,1230.38692593
1694044800,25670.00,25957.00,25600.00,25886.00,962.45005432
1694131200,25871.00,26429.00,25652.00,25885.00,2395.31093920
1694217600,25886.00,25927.00,25801.00,25867.00,469.50183571
1694304000,25866.00,25908.00,25588.00,25793.00,683.66012406
1694390400,25790.00,26018.00,24957.00,25005.00,2035.58092569
1694476800,25010.00,26529.00,24920.00,26071.00,3228.48037572
1694563200,26071.00,26395.00,25762.00,26146.00,1641.72492727
1694649600,26150.00,26849.00,26143.00,26689.00,2125.32401208
1694736000,26689.00,26726.00,26228.00,26404.00,1114.80578760
1694822400,26407.00,26878.00,26379.00,26545.00,922.71774955
1694908800,26538.00,26618.00,26432.00,26512.00,423.81848181
1694995200,26512.00,27422.00,26382.00,26831.00,1954.82949157
1695081600,26830.00,27486.00,26682.00,27199.00,1802.30496760
1695168000,27198.00,27389.00,26852.00,26945.00,2285.38532772
1695254400,26950.00,27235.00,26376.00,26602.00,1464.10489754
1695340800,26588.00,26733.00,26479.00,26536.00,974.48876231
1695427200,26542.00,26634.00,26493.00,26613.00,298.98423166
1695513600,26613.00,26730.00,26359.00,26458.00,565.13216722
1695600000,26455.00,26520.00,25977.00,26331.00,1432.53858589
1695686400,26335.00,26436.00,26085.00,26240.00,852.18695286
1695772800,26232.00,26823.00,26093.00,26241.00,1497.07436085
1695859200,26239.00,27297.00,26208.00,27103.00,3069.11282827
1695945600,27094.00,27235.00,26682.00,26918.00,1473.77318426
1696032000,26920.00,27093.00,26862.00,27031.00,760.42948091
1696118400,27031.00,27286.00,26959.00,27109.00,436.40549699
1696204800,27109.00,28592.00,27044.00,27975.00,3085.38968190
1696291200,27956.00,27961.00,27241.00,27267.00,1306.36354697
1696377600,27280.00,27831.00,27170.00,27631.00,1454.43140054
1696464000,27623.00,28125.00,27369.00,27483.00,1650.22052343
1696550400,27481.00,28064.00,27185.00,27968.00,1528.29158373
1696636800,27975.00,28301.00,27864.00,27882.00,576.88073939
1696723200,27882.00,28104.00,27715.00,27913.00,478.87883651
1696809600,27911.00,27996.00,27280.00,27616.00,1214.12289222
1696896000,27611.00,27733.00,27294.00,27404.00,1212.40679893
1696982400,27406.00,27474.00,26533.00,26753.00,1986.21809806
1697068800,26755.00,26933.00,26545.00,26705.00,1094.00295013
1697155200,26704.00,26952.00,26675.00,26771.00,960.26609941
1697241600,26770.00,27108.00,26739.00,26869.00,802.12032923
1697328000,26862.00,27077.00,26800.00,27044.00,451.19589396
1697414400,27045.00,29900.00,27012.00,28482.00,5018.71105644
1697500800,28478.00,28647.00,28081.00,28529.00,1825.92809606
1697587200,28531.00,28984.00,28156.00,28259.00,1440.17049859
1697673600,28258.00,28916.00,28138.00,28780.00,1519.85954331
1697760000,28780.00,30233.00,28595.00,29581.00,2756.09400932
1697846400,29578.00,30364.00,29483.00,30177.00,1023.04273228
1697932800,30164.00,30247.00,29678.00,29861.00,812.41316784
1698019200,29860.00,31448.00,29730.00,31379.00,3103.23522583
1698105600,31378.00,35198.00,31341.00,33819.00,7028.03349836
1698192000,33787.00,35138.00,33498.00,34758.00,2929.20433212
1698278400,34738.00,34847.00,33738.00,34068.00,2225.76317247
1698364800,34035.00,34279.00,33407.00,33708.00,2087.31717635
1698451200,33707.00,34506.00,33684.00,34125.00,858.30889678
1698537600,34124.00,34755.00,33945.00,34583.00,780.70329003
1698624000,34587.00,34860.00,34095.00,34439.00,2007.45332097
1698710400,34447.00,34613.00,34061.00,34553.00,1142.13001689
1698796800,34541.00,35191.00,34102.00,34575.00,1955.89642581
1698883200,34575.00,35968.00,34320.00,34996.00,2134.51787685
1698969600,35015.00,35108.00,34132.00,34543.00,1377.30768063
1699056000,34546.00,34997.00,34498.00,34754.00,614.29156601
1699142400,34753.00,35330.00,34736.00,35050.00,691.03934266
1699228800,35052.00,35396.00,34495.00,34958.00,1233.50588179
1699315200,34957.00,35521.00,34530.00,35382.00,1500.51828274
1699401600,35401.00,35891.00,35111.00,35593.00,1230.39370726
1699488000,35598.00,37978.00,35412.00,36379.00,3407.39613700
1699574400,36374.00,37476.00,36151.00,37267.00,1414.18396937
1699660800,37274.00,37558.00,36932.00,37139.00,955.70778796
1699747200,37138.00,37237.00,36673.00,37154.00,764.65593798
1699833600,37170.00,37421.00,36566.00,36749.00,1209.67212635
1699920000,36757.00,36890.00,35002.00,35268.00,1665.13325599
1700006400,35253.00,37502.00,35123.00,37400.00,2282.46851998
1700092800,37383.00,37975.00,36091.00,36238.00,2119.29291413
1700179200,36224.00,36800.00,35539.00,36487.00,2425.49422106
1700265600,36485.00,36851.00,36211.00,36736.00,582.00609984
1700352000,36739.00,36911.00,36420.00,36854.00,538.98941401
1700438400,36882.00,37769.00,36716.00,37554.00,2909.35796888
1700524800,37554.00,37761.00,36281.00,36913.00,2541.01880474
1700611200,36908.00,37267.00,35651.00,37197.00,1784.35292616
1700697600,37203.00,37865.00,36886.00,37267.00,1688.42883995
1700784000,37286.00,38437.00,37200.00,37750.00,1805.42892201
1700870400,37745.00,37960.00,37610.00,37841.00,417.08149438
1700956800,37841.00,37908.00,37173.00,37264.00,860.03098956
1701043200,37258.00,37755.00,36727.00,36976.00,1229.10848593
1701129600,36974.00,38293.00,36798.00,38023.00,2206.43227192
1701216000,38023.00,38457.00,37597.00,37866.00,2556.26771338
1701302400,37866.00,38173.00,37510.00,37750.00,1254.80792855
1701388800,37750.00,39000.00,37619.00,38717.00,1631.95125090
1701475200,38721.00,38987.00,38651.00,38894.00,507.53697866
1701561600,38898.00,39845.00,38897.00,39568.00,1159.66947569
1701648000,39560.00,42162.00,39463.00,41726.00,2536.37973784
1701734400,41725.00,44086.00,41415.00,43696.00,2362.78979214
1701820800,43726.00,44490.00,43419.00,43938.00,1782.72852681
1701907200,43941.00,44113.00,42849.00,43332.00,1569.18276641
1701993600,43317.00,44039.00,43078.00,43840.00,1434.27507382
1702080000,43822.00,44729.00,43759.00,43997.00,1310.56776404
1702166400,43983.00,44092.00,43605.00,43831.00,904.23959561
1702252800,43831.00,44038.00,40530.00,40980.00,3801.38133724
1702339200,41008.00,42071.00,40181.00,41264.00,2011.28121783
1702425600,41263.00,42187.00,40589.00,42124.00,1723.94702830
1702512000,42133.00,43440.00,41509.00,42871.00,3024.10950237
1702598400,42867.00,43194.00,41664.00,42100.00,1422.73028377
1702684800,42097.00,42676.00,41639.00,42438.00,1081.17368870
1702771200,42448.00,42500.00,41533.00,42129.00,1103.39079807
1702857600,42119.00,42156.00,40513.00,41619.00,1742.23208552
1702944000,41623.00,43456.00,41569.00,42197.00,2842.02713229
1703030400,42173.00,44291.00,42111.00,44161.00,2113.05664339
1703116800,44161.00,44279.00,43249.00,43580.00,1978.96178713
1703203200,43623.00,44409.00,43419.00,43983.00,1571.04221860
1703289600,43986.00,44076.00,43347.00,43810.00,909.44270219
1703376000,43825.00,43954.00,43466.00,43697.00,654.46984870
1703462400,43697.00,43807.00,42700.00,43455.00,1097.94850267
1703548800,43437.00,43723.00,41639.00,42128.00,2381.66719818
1703635200,42127.00,43227.00,42040.00,43203.00,1889.01024280
1703721600,43206.00,43812.00,42288.00,42493.00,1588.12095509
1703808000,42491.00,43128.00,41651.00,42062.00,2424.32676426
1703894400,42067.00,42599.00,41306.00,42413.00,1260.76593002
1703980800,42411.00,42867.00,41976.00,42639.00,1078.35041635
1704067200,42652.00,43196.00,42072.00,43120.00,1007.78173731
1704153600,43147.00,45922.00,43109.00,45170.00,4182.23676495
1704240000,45185.00,45510.00,41454.00,42265.00,4217.26202179
1704326400,42284.00,44357.00,42176.00,44094.00,2576.69849879
1704412800,44095.00,44795.00,42500.00,43626.00,3263.03057976
1704499200,43641.00,44366.00,43440.00,44031.00,1436.65894695
1704585600,44032.00,44500.00,43688.00,44138.00,1481.63032368
1704672000,44123.00,47021.00,43213.00,47007.00,3453.62486560
1704758400,47008.00,47281.00,45496.00,46657.00,2781.28547612
1704844800,46656.00,47897.00,44304.00,46549.00,3882.73607406
1704931200,46573.00,49048.00,44900.00,46592.00,5778.68454093
1705017600,46606.00,47014.00,43155.00,43424.00,4167.59949269
1705104000,43422.00,44011.00,41509.00,42794.00,2647.69340055
1705190400,42823.00,43060.00,42559.00,42882.00,742.09306447
1705276800,42886.00,43324.00,41680.00,42979.00,1918.19706320
1705363200,42948.00,43398.00,42056.00,43005.00,2108.59387026
1705449600,43016.00,43566.00,42172.00,42568.00,1774.87668222
1705536000,42568.00,42871.00,41325.00,41440.00,1998.35022831
1705622400,41447.00,41932.00,40258.00,41761.00,2809.97635965
1705708800,41766.00,42152.00,41428.00,41582.00,1017.02510929
1705795200,41585.00,41854.00,41519.00,41666.00,570.30598964
1705881600,41664.00,41778.00,40036.00,40262.00,2071.47574003
1705968000,40260.00,40496.00,38505.00,39079.00,3117.85667245
1706054400,39085.00,40515.00,38984.00,39754.00,2725.70383709
1706140800,39742.00,40278.00,39461.00,39822.00,2260.49094759
1706227200,39821.00,42194.00,39607.00,42117.00,3558.17298726
1706313600,42105.00,42233.00,41396.00,41797.00,1203.74162928
1706400000,41803.00,42824.00,41786.00,41967.00,1227.89939509
1706486400,41963.00,43295.00,41629.00,43022.00,2167.32647065
1706572800,43019.00,43853.00,42982.00,43372.00,1784.66664154
1706659200,43374.00,43799.00,42340.00,43500.00,2757.25952483
1706745600,43500.00,43544.00,41859.00,42838.00,2917.34464373
1706832000,42838.00,43451.00,42538.00,42901.00,2193.79885106
1706918400,42900.00,43352.00,42876.00,43058.00,802.16229679
1707004800,43051.00,43097.00,42716.00,42779.00,522.49914480
1707091200,42770.00,43515.00,42243.00,42678.00,2029.18868397
1707177600,42686.00,43366.00,42288.00,43176.00,1690.87403824
1707264000,43180.00,43674.00,42764.00,43625.00,1380.22050169
1707350400,43630.00,45522.00,43412.00,45283.00,3004.57519809
1707436800,45305.00,48201.00,45230.00,47630.00,3322.97075236
1707523200,47600.00,47729.00,46894.00,47353.00,1092.70138553
1707609600,47353.00,48601.00,47321.00,48295.00,1304.74195939
1707696000,48294.00,50333.00,47720.00,49745.00,2220.68525504
1707782400,49742.00,50385.00,48325.00,49126.00,2184.48786241
1707868800,49125.00,52093.00,48929.00,51475.00,2584.32816353
1707955200,51483.00,52884.00,51236.00,52003.00,2382.00873806
1708041600,51997.00,52600.00,51364.00,51993.00,2083.82982113
1708128000,51992.00,52251.00,50647.00,51278.00,1016.24820379
1708214400,51283.00,52063.00,51196.00,51805.00,820.30114826
1708300800,51814.00,52496.00,51612.00,51934.00,1227.93839539
1708387200,51932.00,53015.00,50770.00,51506.00,2122.25008294
1708473600,51516.00,52526.00,50611.00,50855.00,2182.23629419
1708560000,50838.00,52011.00,50658.00,51700.00,2025.10507561
1708646400,51699.00,52049.00,50610.00,51094.00,2126.54227661
1708732800,51094.00,51683.00,50519.00,51429.00,880.96663221
1708819200,51440.00,51870.00,51282.00,51566.00,495.53310930
1708905600,51571.00,53674.00,50909.00,53644.00,2089.56411651
1708992000,53635.00,57449.00,53478.00,57165.00,3684.96240535
1709078400,57160.00,64000.00,56613.00,61148.00,5909.90544346
1709164800,61130.00,63684.00,59801.00,60775.00,4403.58641200
1709251200,60791.00,62699.00,60602.00,62362.00,2638.44306462
1709337600,62363.00,63265.00,61645.00,62074.00,1383.05186675
1709424000,62084.00,63030.00,61402.00,62843.00,1158.31007607
1709510400,62865.00,67621.00,62376.00,66673.00,3401.19651229
1709596800,66667.00,69210.00,63348.00,64022.00,5771.37485173
1709683200,64021.00,67645.00,59313.00,67190.00,5980.26733031
1709769600,67170.00,68061.00,65623.00,67705.00,3885.78921950
1709856000,67703.00,70184.00,66264.00,68711.00,3889.74649912
1709942400,68716.00,69552.00,68032.00,68417.00,1865.87201150
1710028800,68417.00,69999.00,68297.00,69528.00,1470.66808769
1710115200,69529.00,72910.00,67120.00,72044.00,5273.65242896
1710201600,72074.00,73054.00,68636.00,71476.00,4189.01755405
1710288000,71475.00,73679.00,70564.00,73468.00,3366.36558567
1710374400,73484.00,73794.00,68555.00,69339.00,4203.16334675
1710460800,69284.00,72415.00,65569.00,68971.00,4775.69503990
1710547200,68980.00,70069.00,66639.00,66931.00,1833.25447908
1710633600,66879.00,68617.00,64522.00,68526.00,2680.68256359
1710720000,68505.00,68902.00,66585.00,66950.00,2896.77957651
1710806400,66952.00,68123.00,62323.00,64395.00,4797.01745916
1710892800,64382.00,66017.00,60760.00,65792.00,5086.38000470
1710979200,65786.00,68249.00,64831.00,65264.00,3181.47202006
1711065600,65205.00,66631.00,62598.00,63883.00,2623.07461586
1711152000,63884.00,66027.00,62332.00,64893.00,1433.57654002
1711238400,64961.00,66031.00,63807.00,65846.00,1212.57604712
1711324800,65884.00,71099.00,65736.00,71043.00,2829.86428951
1711411200,71095.00,71572.00,69257.00,69456.00,2776.21968942
1711497600,69456.00,71754.00,68362.00,68595.00,2364.53374044
1711584000,68579.00,71587.00,68579.00,70847.00,2115.84293871
1711670400,70850.00,71065.00,69073.00,69706.00,1192.90180006
1711756800,69702.00,70344.00,69347.00,69946.00,646.47125265
1711843200,69904.00,71219.00,69586.00,71034.00,742.07472524
1711929600,71088.00,71391.00,68073.00,69713.00,2142.75687836
1712016000,69720.00,69915.00,64545.00,66000.00,3139.05551374
1712102400,65938.00,66942.00,64511.00,65816.00,2115.18777562
1712188800,65831.00,69328.00,65100.00,68498.00,2272.28310751
1712275200,68520.00,68767.00,65999.00,67422.00,2361.51976438
1712361600,67412.00,68495.00,67378.00,68280.00,655.48729928
1712448000,68298.00,70310.00,68200.00,69079.00,1200.39223711
1712534400,69073.00,72756.00,68924.00,71738.00,2210.95382434
1712620800,71778.00,71984.00,68217.00,69001.00,2272.56046964
1712707200,68939.00,70075.00,67482.00,70075.00,2359.43053997
1712793600,70075.00,71287.00,69555.00,70489.00,2132.85728092
1712880000,70483.00,71236.00,65230.00,66856.00,2842.03924667
1712966400,66861.00,67930.00,63803.00,64886.00,2158.73310568
1713052800,64759.00,65654.00,61308.00,64206.00,3829.31734730
1713139200,64219.00,66900.00,62340.00,63349.00,2961.66703317
1713225600,63316.00,63925.00,61654.00,62735.00,2624.81065366
1713312000,62717.00,64636.00,59672.00,61004.00,3322.67573639
1713398400,60996.00,64182.00,60795.00,63554.00,2407.43929787
1713484800,63545.00,65506.00,59629.00,64340.00,3479.80743105
1713571200,64341.00,65450.00,63007.00,64895.00,1473.78488945
1713657600,64918.00,65710.00,64294.00,64554.00,775.67368325
1713744000,64553.00,66855.00,64380.00,66555.00,1880.93232221
1713830400,66558.00,67241.00,65837.00,66485.00,1401.00666682
1713916800,66485.00,67057.00,63733.00,63939.00,1978.00496062
1714003200,63946.00,64910.00,62785.00,64708.00,1815.23527873
1714089600,64713.00,65286.00,63306.00,63714.00,1373.95045966
1714176000,63719.00,64067.00,62405.00,63315.00,843.84338200
1714262400,63317.00,64310.00,63121.00,63732.00,627.95088606
1714348800,63707.00,63718.00,61764.00,62966.00,1490.35080797
1714435200,62965.00,64714.00,59068.00,59150.00,2704.52843968
1714521600,59160.00,60956.00,56500.00,56893.00,3563.03090145
1714608000,56879.00,59579.00,56702.00,59369.00,1647.15822371
1714694400,59341.00,62196.00,58672.00,62102.00,2428.62626594
1714780800,62100.00,64522.00,61997.00,63927.00,1704.99672033
1714867200,63923.00,64625.00,62947.00,63888.00,960.00950169
1714953600,63880.00,65513.00,62720.00,63193.00,1547.09565752
1715040000,63218.00,64389.00,62818.00,63067.00,1375.19143145
1715126400,63043.00,63186.00,61779.00,62154.00,1329.54495000
1715212800,62147.00,62653.00,60634.00,62442.00,1537.26514205
1715299200,62440.00,63876.00,60176.00,60625.00,2290.56636312
1715385600,60644.00,61454.00,60442.00,61122.00,580.25832449
1715472000,61128.00,61848.00,60600.00,61394.00,509.65957517
1715558400,61388.00,63444.00,60758.00,63174.00,1915.36153954
1715644800,63166.00,63177.00,61108.00,61559.00,1564.26818184
1715731200,61556.00,66461.00,61322.00,66099.00,3250.97124299
1715817600,66083.00,66766.00,64598.00,65160.00,2211.58886680
1715904000,65214.00,67482.00,65057.00,67083.00,1753.90145002
1715990400,67075.00,67391.00,66663.00,66936.00,595.89698675
1716076800,66935.00,67654.00,65901.00,66052.00,541.89615941
1716163200,66032.00,70121.00,66019.00,70057.00,1885.22973923
1716249600,70057.00,71958.00,68949.00,69264.00,2598.68024624
1716336000,69241.00,70649.00,69214.00,69599.00,1448.79841625
1716422400,69664.00,70024.00,66704.00,67114.00,1866.31666463
1716508800,67118.00,69254.00,66343.00,69171.00,1631.42654933
1716595200,69110.00,69580.00,68503.00,69149.00,578.34678833
1716681600,69170.00,69500.00,68668.00,68868.00,447.73205907
1716768000,68864.00,70601.00,68136.00,69187.00,1483.05465322
1716854400,69188.00,69803.00,67193.00,68348.00,1997.44539368
1716940800,68341.00,68852.00,67109.00,67203.00,1417.65444280
1717027200,67199.00,69524.00,67096.00,68644.00,1826.82435397
1717113600,68648.00,69010.00,66624.00,67580.00,1927.08024731
1717200000,67584.00,67808.00,67387.00,67702.00,328.76631201
1717286400,67684.00,68405.00,67281.00,67733.00,578.64587279
1717372800,67700.00,70268.00,67548.00,69186.00,2257.74225330
1717459200,69190.00,71074.00,68553.00,70446.00,2001.59437213
1717545600,70444.00,71759.00,69600.00,71284.00,2026.07231482
1717632000,71312.00,71629.00,70439.00,70459.00,1526.04108726
1717718400,70451.00,71949.00,68450.00,69228.00,3419.42186889
1717804800,69213.00,69538.00,68957.00,69455.00,473.38886689
1717891200,69456.00,69840.00,69131.00,69701.00,454.56371397
1717977600,69713.00,70167.00,69173.00,69469.00,788.90034744
1718064000,69488.00,69664.00,66011.00,67402.00,2484.24868289
1718150400,67320.00,70007.00,66911.00,67523.00,2107.80282571
1718236800,67543.00,68627.00,66242.00,66568.00,2295.26149874
1718323200,66577.00,67314.00,64936.00,65485.00,1759.07794645
1718409600,65486.00,66567.00,65432.00,66120.00,1284.68686931
1718496000,66113.00,66735.00,65828.00,66500.00,505.51206181
1718582400,66501.00,67260.00,65066.00,66642.00,2574.29746001
1718668800,66660.00,66722.00,64032.00,64398.00,2157.58451579
1718755200,64371.00,65702.00,64149.00,64857.00,1126.87290979
1718841600,64855.00,66455.00,64516.00,64988.00,2167.25894413
1718928000,65042.00,65144.00,63356.00,64203.00,1622.99616038
1719014400,64195.00,64491.00,63807.00,64273.00,394.03210309
1719100800,64275.00,64490.00,63898.00,64110.00,417.21944057
1719187200,64121.00,64121.00,59026.00,59269.00,3560.98887550
1719273600,59272.00,62395.00,58456.00,61984.00,3128.50911020
1719360000,62026.00,62458.00,60675.00,60955.00,1375.26222023
1719446400,60954.00,62323.00,60561.00,61368.00,1748.53836216
1719532800,61380.00,62151.00,59946.00,59969.00,1635.82714248
1719619200,59980.00,61114.00,59923.00,60959.00,668.43607069
1719705600,60958.00,61995.00,60620.00,61940.00,686.17724456
1719792000,61931.00,63794.00,61751.00,63180.00,2194.35150756
1719878400,63167.00,63349.00,61731.00,61830.00,1096.76684739
1719964800,61902.00,62196.00,59544.00,59630.00,1971.36096209
1720051200,59623.00,60430.00,56748.00,58246.00,2309.36870860
1720137600,58251.00,58736.00,53550.00,56457.00,3472.43251538
1720224000,56454.00,58111.00,56044.00,57868.00,1030.55397215
1720310400,57847.00,58488.00,56578.00,57146.00,1042.99585481
1720396800,57139.00,58200.00,54296.00,56487.00,3292.94226911
1720483200,56493.00,58278.00,56198.00,57859.00,2460.83458253
1720569600,57874.00,59459.00,57353.00,57385.00,1739.02730273
1720656000,57398.00,59516.00,57072.00,57374.00,2261.10874914
1720742400,57370.00,58539.00,56551.00,57607.00,2065.19091172
1720828800,57601.00,58969.00,57168.00,58653.00,806.66053435
1720915200,58616.00,60423.00,58311.00,59942.00,1767.29923253
1721001600,59929.00,63874.00,59906.00,63418.00,3853.04429725
1721088000,63435.00,65222.00,62446.00,65202.00,3074.15710875
1721174400,65205.00,66129.00,63890.00,64574.00,2234.43536875
1721260800,64632.00,65108.00,63227.00,63504.00,1460.58036755
1721347200,63540.00,67466.00,63303.00,67226.00,3014.04367029
1721433600,67213.00,67617.00,66284.00,67261.00,1332.11098747
1721520000,67261.00,67727.00,65833.00,67460.00,1637.91629851
1721606400,67452.00,68486.00,66583.00,68233.00,2336.04781596
1721692800,68276.00,68298.00,65452.00,65547.00,2661.23163601
1721779200,65540.00,67112.00,65473.00,65611.00,1674.84358250
1721865600,65652.00,66072.00,63424.00,64662.00,2044.35987868
1721952000,64674.00,68147.00,64414.00,68013.00,1817.34643023
1722038400,68003.00,69404.00,67428.00,68281.00,1240.19215928
1722124800,68266.00,69114.00,66637.00,68107.00,1570.10789119
1722211200,68108.00,70016.00,66445.00,67279.00,2355.38471865
1722297600,67286.00,67540.00,65550.00,65871.00,1534.99359729
1722384000,65887.00,66814.00,64934.00,65243.00,1476.02317319
1722470400,65228.00,65397.00,62233.00,63389.00,2677.64675014
1722556800,63340.00,65568.00,62346.00,62551.00,3382.12123065
1722643200,62560.00,63126.00,59903.00,60206.00,2102.85102187
1722729600,60206.00,61073.00,57155.00,59240.00,2500.50636728
1722816000,59240.00,59550.00,49577.00,53483.00,8005.58462715
1722902400,53483.00,57058.00,53483.00,56796.00,3874.50915850
1722988800,56761.00,57737.00,54675.00,54762.00,3932.11939487
1723075200,54726.00,59889.00,54568.00,59462.00,3474.00893783
1723161600,59472.00,62729.00,59343.00,60698.00,2739.12259796
1723248000,60706.00,61476.00,59964.00,61023.00,1277.40622823
1723334400,61026.00,61868.00,59573.00,59631.00,998.63007291
1723420800,59634.00,60700.00,57681.00,59051.00,3674.16230813
1723507200,59059.00,61600.00,58455.00,60851.00,3051.06914622
1723593600,60844.00,61809.00,58711.00,58921.00,2774.24314089
1723680000,58895.00,59851.00,56707.00,57051.00,3184.30918746
1723766400,57062.00,59841.00,56138.00,59695.00,3222.78466968
1723852800,59696.00,59738.00,58758.00,59473.00,942.79361472
1723939200,59473.00,60271.00,59164.00,59718.00,1255.86142448
1724025600,59717.00,59860.00,57844.00,58974.00,2010.88082288
1724112000,58982.00,61424.00,58553.00,59473.00,2691.88051795
1724198400,59473.00,61655.00,58816.00,61602.00,2155.25012307
1724284800,61622.00,61838.00,59774.00,60312.00,2354.13906497
1724371200,60303.00,63856.00,60293.00,63700.00,2658.33613574
1724457600,63656.00,64988.00,63543.00,64243.00,1877.41314139
1724544000,64230.00,64600.00,63594.00,64220.00,738.99187683
1724630400,64213.00,65103.00,63098.00,63326.00,1719.64434187
1724716800,63340.00,63586.00,61455.00,62059.00,1370.49199040
1724803200,62097.00,62099.00,57866.00,58898.00,3887.85820624
1724889600,58905.00,61182.00,58665.00,59250.00,2477.83430131
1724976000,59265.00,59905.00,57721.00,58703.00,2170.14578872
1725062400,58693.00,59431.00,58693.00,58856.00,754.83959722
1725148800,58857.00,59118.00,57230.00,58497.00,1501.54721922
1725235200,58498.00,58791.00,57131.00,58444.00,1519.67714606
1725321600,58460.00,59803.00,57556.00,58021.00,1656.60209563
1725408000,58024.00,58518.00,55602.00,58027.00,2183.00949776
1725494400,58060.00,58384.00,55788.00,56023.00,1443.04011790
1725580800,56039.00,56984.00,53232.00,53484.00,2657.03166703
1725667200,53478.00,54839.00,52546.00,54415.00,1236.33134413
1725753600,54410.00,54698.00,53636.00,54340.00,1017.66631018
1725840000,54340.00,57180.00,54199.00,57103.00,2399.74742829
1725926400,57102.00,58070.00,56406.00,57971.00,2310.80061727
1726012800,57960.00,58000.00,55554.00,57644.00,3166.73788214
1726099200,57611.00,58560.00,57230.00,58380.00,2102.91543779
1726185600,58394.00,60670.00,57640.00,60545.00,2853.63991557
1726272000,60551.00,60655.00,59438.00,60012.00,744.81553897
1726358400,60012.00,60388.00,58708.00,59130.00,1377.74210648
1726444800,59121.00,59209.00,57488.00,58212.00,1692.12077561
1726531200,58208.00,61331.00,57627.00,60316.00,2676.16880610
1726617600,60318.00,61787.00,59189.00,61757.00,3237.83084540
1726704000,61765.00,63882.00,61584.00,62940.00,3050.81602877
1726790400,62950.00,64121.00,62353.00,63211.00,1646.72507369
1726876800,63211.00,63574.00,62760.00,63364.00,578.82075001
1726963200,63364.00,63990.00,62390.00,63563.00,932.57108331
1727049600,63577.00,64730.00,62585.00,63325.00,1113.07851811
1727136000,63325.00,64677.00,62720.00,64260.00,1621.50232416
1727222400,64291.00,64795.00,62941.00,63147.00,1172.76426267
1727308800,63121.00,65851.00,62675.00,65175.00,1758.77420578
1727395200,65175.00,66508.00,64840.00,65781.00,1261.81543351
1727481600,65781.00,66255.00,65442.00,65876.00,557.50374744
1727568000,65875.00,66071.00,65450.00,65601.00,487.19186994
1727654400,65605.00,65634.00,62859.00,63302.00,1759.70729545
1727740800,63331.00,64122.00,60164.00,60807.00,2797.97709897
1727827200,60760.00,62350.00,59972.00,60634.00,2437.72512955
1727913600,60627.00,61461.00,59860.00,60745.00,1412.60368684
1728000000,60747.00,62473.00,60474.00,62081.00,1394.47802907
1728086400,62080.00,62368.00,61699.00,62063.00,449.65424183
1728172800,62057.00,62962.00,61816.00,62814.00,846.73208591
1728259200,62831.00,64444.00,62130.00,62212.00,1815.26837202
1728345600,62211.00,63172.00,61839.00,62133.00,1116.30278349
1728432000,62114.00,62503.00,60268.00,60582.00,1354.90943313
1728518400,60589.00,61246.00,58867.00,60278.00,1799.48728956
1728604800,60278.00,63409.00,60041.00,62452.00,1582.70508322
1728691200,62511.00,63455.00,62474.00,63194.00,685.69286582
1728777600,63193.00,63271.00,62039.00,62849.00,653.16610878
1728864000,62850.00,66479.00,62450.00,66070.00,2390.38938585
1728950400,66070.00,67922.00,64802.00,67061.00,2488.99178965
1729036800,67061.00,68388.00,66744.00,67622.00,1716.95969807
1729123200,67608.00,67914.00,66631.00,67392.00,1298.22146294
1729209600,67392.00,68998.00,67176.00,68420.00,1434.33126968
1729296000,68420.00,68668.00,68020.00,68359.00,414.91156597
1729382400,68367.00,69363.00,68102.00,69011.00,606.10309373
1729468800,69011.00,69487.00,66815.00,67340.00,1752.72054327
1729555200,67345.00,67784.00,66559.00,67382.00,1626.85964560
1729641600,67382.00,67409.00,65000.00,66601.00,1927.84170953
1729728000,66602.00,68800.00,66455.00,68155.00,2140.08818467
1729814400,68155.00,68726.00,65521.00,66578.00,2730.81362994
1729900800,66576.00,67352.00,66344.00,67003.00,489.32578253
1729987200,67009.00,68232.00,66850.00,67938.00,739.97895752
1730073600,67937.00,70218.00,67541.00,69918.00,2063.86332457
1730160000,69918.00,73600.00,69716.00,72729.00,3975.69020310
1730246400,72727.00,72928.00,71313.00,72331.00,2263.68354591
1730332800,72330.00,72660.00,69591.00,70231.00,1776.40915493
1730419200,70202.00,71596.00,68768.00,69490.00,2717.47179295
1730505600,69468.00,69887.00,69015.00,69330.00,1047.12468684
1730592000,69339.00,69354.00,67459.00,68738.00,1915.47157334
1730678400,68738.00,69444.00,66798.00,67818.00,2538.34080221
1730764800,67817.00,70538.00,67443.00,69386.00,2370.70518293
1730851200,69396.00,76481.00,69284.00,75637.00,7732.00129394
1730937600,75638.00,76990.00,74479.00,75921.00,3265.43357289
1731024000,75918.00,77270.00,75665.00,76561.00,2466.52573117
1731110400,76560.00,76941.00,75648.00,76722.00,837.82745419
1731196800,76707.00,81482.00,76554.00,80425.00,2739.76560525
1731283200,80426.00,89643.00,80280.00,88770.00,6695.15671543
1731369600,88771.00,90243.00,85121.00,88031.00,8037.51453432
1731456000,88038.00,93483.00,86263.00,90521.00,7338.02972770
1731542400,90498.00,91804.00,86685.00,87333.00,3805.76164090
1731628800,87298.00,91909.00,87119.00,91070.00,4491.15106913
1731715200,91069.00,91778.00,90100.00,90608.00,1538.87717754
1731801600,90643.00,91429.00,88709.00,89861.00,2016.09767635
1731888000,89865.00,92624.00,89392.00,90512.00,4276.18821636
1731974400,90514.00,94057.00,90407.00,92424.00,3884.88262437
1732060800,92434.00,94942.00,91407.00,94373.00,9293.97029198
1732147200,94374.00,99121.00,94106.00,98451.00,7280.76958238
1732233600,98451.00,99800.00,97236.00,99013.00,4646.09454486
1732320000,99010.00,99015.00,97226.00,97775.00,1719.12474462
1732406400,97765.00,98660.00,95796.00,98007.00,1814.00757210
1732492800,98021.00,98966.00,92584.00,93035.00,2969.54841533
1732579200,93006.00,94999.00,90742.00,91928.00,3575.09743077
1732665600,91929.00,97353.00,91760.00,95978.00,2999.13415798
1732752000,95945.00,96658.00,94670.00,95661.00,2070.27076830
1732838400,95670.00,98745.00,95410.00,97512.00,2410.84197795
1732924800,97510.00,97510.00,96112.00,96441.00,646.22078077
1733011200,96471.00,97880.00,95758.00,97291.00,884.65566050
1733097600,97260.00,98200.00,94403.00,95859.00,3225.02101630
1733184000,95858.00,96301.00,93590.00,95926.00,3484.90912488
1733270400,95926.00,99250.00,94661.00,98773.00,4309.94473587
1733356800,98751.00,103647.00,92092.00,97057.00,7450.45018748
1733443200,96968.00,102098.00,96463.00,99898.00,2613.21105227
1733529600,99898.00,100575.00,99121.00,99929.00,587.87674509
1733616000,99969.00,101407.00,98752.00,101204.00,1073.32763391
1733702400,101188.00,101271.00,94249.00,97468.00,2468.79283854
1733788800,97318.00,98300.00,94306.00,96648.00,2092.49724122
1733875200,96658.00,101961.00,95725.00,101201.00,2196.18137510
1733961600,101238.00,102582.00,99309.00,100068.00,1393.19342191
1734048000,99998.00,101918.00,99250.00,101435.00,1030.49421453
1734134400,101433.00,102643.00,100643.00,101382.00,566.53660890
1734220800,101408.00,105149.00,101243.00,104427.00,1369.98798554
1734307200,104476.00,107821.00,103322.00,106073.00,2171.77263705
1734393600,106109.00,108364.00,105363.00,106187.00,1405.93900566
1734480000,106187.00,106523.00,99997.00,100153.00,2557.28814854
1734566400,100133.00,102747.00,95537.00,97375.00,3425.50154490
1734652800,97416.00,98123.00,92118.00,97760.00,2706.24143724
1734739200,97745.00,99514.00,96399.00,97211.00,1740.04323929
1734825600,97245.00,97376.00,94200.00,95098.00,2075.50874332
1734912000,95098.00,96420.00,92389.00,94750.00,2428.60426472
1734998400,94750.00,99419.00,93461.00,98596.00,1444.53568991
1735084800,98637.00,99478.00,97576.00,99374.00,849.51224828
1735171200,99357.00,99881.00,95111.00,95687.00,1501.36776618
1735257600,95666.00,97337.00,93282.00,94168.00,2416.24232245
1735344000,94159.00,95529.00,94026.00,95139.00,839.50518103
1735430400,95139.00,95139.00,92868.00,93557.00,851.80554921
1735516800,93564.00,94891.00,91315.00,92628.00,1841.04308392
1735603200,92637.00,96117.00,91900.00,93381.00,1128.82793677
1735689600,93347.00,94951.00,92768.00,94388.00,777.13942547
1735776000,94380.00,97745.00,94205.00,96907.00,1219.19370744
1735862400,96895.00,98951.00,96042.00,98133.00,1159.41909795
1735948800,98133.00,98753.00,97540.00,98209.00,445.49130336
1736035200,98218.00,98799.00,97277.00,98327.00,454.72019157
1736121600,98389.00,102514.00,97919.00,102280.00,1742.61289193
1736208000,102278.00,102760.00,96130.00,96946.00,1490.59996722
1736294400,96922.00,97248.00,92502.00,95065.00,2081.04462750
1736380800,95034.00,95333.00,91215.00,92542.00,1877.80058869
1736467200,92545.00,95797.00,92227.00,94702.00,1798.96999215
1736553600,94702.00,94975.00,93843.00,94568.00,639.87740098
1736640000,94573.00,95363.00,93685.00,94497.00,570.97876662
1736726400,94498.00,95846.00,89164.00,94505.00,2125.86232734
1736812800,94537.00,97339.00,94345.00,96523.00,1477.80944326
1736899200,96560.00,100715.00,96474.00,100512.00,1811.81706595
1736985600,100512.00,100860.00,97319.00,99975.00,1817.77460574
1737072000,99975.00,105932.00,99944.00,104119.00,3087.39708067
1737158400,104119.00,104909.00,102238.00,104436.00,1306.42802809
1737244800,104432.00,106294.00,99528.00,101237.00,2602.44233467
1737331200,101191.00,109356.00,99462.00,102141.00,3921.86906882
1737417600,102155.00,107265.00,100087.00,106149.00,3058.41033426
1737504000,106149.00,106370.00,103322.00,103632.00,1713.55368827
1737590400,103659.00,106848.00,101233.00,103933.00,3790.17304182
1737676800,103922.00,107149.00,102754.00,104855.00,1725.23369955
1737763200,104855.00,105237.00,104126.00,104738.00,735.89058503
1737849600,104741.00,105424.00,102450.00,102573.00,798.34131897
1737936000,102573.00,103186.00,97750.00,102090.00,3210.12625421
1738022400,102065.00,103745.00,100225.00,101292.00,1721.67321227
1738108800,101291.00,104769.00,101288.00,103747.00,1535.93165933
1738195200,103768.00,106447.00,103313.00,104738.00,1543.13930195
1738281600,104737.00,106046.00,101303.00,102412.00,2016.51235916
1738368000,102408.00,102754.00,100270.00,100638.00,785.48911683
1738454400,100638.00,101430.00,96168.00,97675.00,1747.97820698
1738540800,97670.00,102569.00,91530.00,101457.00,4081.88402077
1738627200,101456.00,101785.00,96147.00,97786.00,2068.16739103
1738713600,97809.00,99168.00,96181.00,96614.00,1576.92222741
1738800000,96614.00,99174.00,95678.00,96573.00,1723.92521071
1738886400,96566.00,100185.00,95662.00,96535.00,1936.93167774
1738972800,96534.00,96896.00,95700.00,96472.00,615.71243239
1739059200,96472.00,97337.00,94726.00,96477.00,1008.66870716
1739145600,96533.00,98349.00,95307.00,97469.00,994.10887876
1739232000,97465.00,98490.00,94853.00,95754.00,1284.47141085
1739318400,95756.00,98144.00,94091.00,97882.00,1476.47049215
1739404800,97882.00,98091.00,95249.00,96627.00,857.75893529
1739491200,96631.00,98871.00,96300.00,97520.00,1251.27268760
1739577600,97515.00,97974.00,97237.00,97591.00,335.74480408
1739664000,97591.00,97727.00,96066.00,96132.00,445.57381146
1739750400,96066.00,97014.00,95227.00,95772.00,800.63807134
1739836800,95779.00,96714.00,93340.00,95612.00,1415.52902397
1739923200,95612.00,96866.00,95011.00,96642.00,1420.10472761
1740009600,96639.00,98758.00,96439.00,98337.00,1681.57650135
1740096000,98335.00,99508.00,94805.00,96131.00,2838.77561898
1740182400,96137.00,96967.00,95750.00,96572.00,795.72262624
1740268800,96571.00,96666.00,95260.00,96262.00,539.91447530
1740355200,96264.00,96492.00,91330.00,91554.00,1692.14741385
1740441600,91516.00,92512.00,85953.00,88576.00,4284.62546279
1740528000,88573.00,89279.00,82133.00,84071.00,3118.75478282
1740614400,84150.00,86988.00,82615.00,84639.00,2559.94908433
1740700800,84621.00,85082.00,78197.00,84321.00,3567.36797341
1740787200,84316.00,86517.00,83803.00,86033.00,1461.96601707
1740873600,86031.00,95152.00,85029.00,94273.00,3153.02965002
1740960000,94272.00,94422.00,85069.00,86160.00,2856.70424439
1741046400,86161.00,88922.00,81463.00,87240.00,3206.20571035
1741132800,87262.00,90993.00,86397.00,90611.00,1832.66540574
1741219200,90590.00,92790.00,87835.00,89918.00,2169.68972472
1741305600,89922.00,91277.00,84713.00,86759.00,3286.78015466
1741392000,86754.00,86861.00,85190.00,86192.00,579.74911104
1741478400,86204.00,86469.00,80000.00,80708.00,1710.17938787
1741564800,80728.00,84007.00,77393.00,78561.00,2977.79268756
1741651200,78599.00,83568.00,76600.00,82869.00,2656.56371178
1741737600,82941.00,84437.00,80607.00,83620.00,2469.21846953
1741824000,83677.00,84287.00,79910.00,81079.00,1830.00089168
1741910400,81084.00,85294.00,80801.00,83975.00,1986.99511377
1741996800,83984.00,84449.00,83984.00,84347.00,87.88697147
1742083200,84362.00,85059.00,81983.00,82555.00,1178.20234353
1742169600,82569.00,84741.00,82466.00,84058.00,1198.89639605
1742256000,84058.00,84058.00,81138.00,82715.00,1290.21505333
1742342400,82694.00,87010.00,82567.00,86868.00,1926.60953491
1742428800,86870.00,87470.00,83631.00,84158.00,1877.13235545
1742515200,84179.00,84801.00,83142.00,84061.00,1146.50782993
1742601600,84061.00,84490.00,83682.00,83823.00,316.86484991
1742688000,83823.00,86116.00,83806.00,86084.00,649.91397891
1742774400,86084.00,88772.00,85541.00,87512.00,1888.33413141
1742860800,87488.00,88539.00,86321.00,87436.00,2134.77215325
1742947200,87448.00,88296.00,85869.00,86913.00,1552.95977276
1743033600,86966.00,87755.00,85828.00,87219.00,1289.37289710
1743120000,87224.00,87481.00,83544.00,84379.00,1392.33624956
1743206400,84384.00,84561.00,81629.00,82608.00,745.39345360
1743292800,82608.00,83500.00,81551.00,82359.00,840.38263469
1743379200,82367.00,83914.00,81287.00,82538.00,1937.33727970
1743465600,82537.00,85530.00,82417.00,85170.00,1504.00240153
1743552000,85171.00,88563.00,81188.00,82502.00,2861.64666347
1743638400,82477.00,83896.00,81200.00,83132.00,1777.45240819
1743724800,83182.00,84708.00,81659.00,83851.00,2005.88282699
1743811200,83852.00,84226.00,82358.00,83507.00,518.18185430
1743897600,83514.00,83741.00,77098.00,78342.00,2165.48130222
1743984000,78381.00,81180.00,74434.00,79127.00,4083.99710956
1744070400,79134.00,80836.00,76159.00,76244.00,2245.50901040
1744156800,76252.00,83565.00,74588.00,82595.00,4038.27621051
1744243200,82594.00,82722.00,78424.00,79543.00,1564.07737754
1744329600,79558.00,84257.00,78942.00,83384.00,1728.84098877
1744416000,83384.00,85892.00,82784.00,85274.00,847.63757574
1744502400,85277.00,86084.00,83031.00,83712.00,1210.92223051
1744588800,83774.00,85787.00,83680.00,84583.00,1425.88175716
1744675200,84583.00,86450.00,83612.00,83686.00,1162.91179825
1744761600,83632.00,85528.00,83102.00,84046.00,1593.44839937
1744848000,84045.00,85478.00,83751.00,84954.00,1119.58782405
1744934400,84954.00,85121.00,84310.00,84468.00,323.24096242
1745020800,84466.00,85611.00,84367.00,85069.00,631.49083813
1745107200,85074.00,85305.00,83974.00,85198.00,462.80974618
1745193600,85197.00,88527.00,85134.00,87505.00,2179.81586603
1745280000,87505.00,93928.00,87094.00,93481.00,2859.46920600
1745366400,93482.00,94700.00,91970.00,93730.00,2423.42691580
1745452800,93730.00,94035.00,91700.00,94010.00,1192.70817510
1745539200,94010.00,95857.00,92891.00,94726.00,2287.68750103
1745625600,94720.00,95249.00,93934.00,94662.00,518.68073079
1745712000,94662.00,95353.00,93685.00,93769.00,582.20526798
1745798400,93780.00,95633.00,92846.00,95041.00,1571.43868511
1745884800,95040.00,95479.00,93775.00,94285.00,877.67378025
1745971200,94284.00,95269.00,92946.00,94181.00,1384.24362580
1746057600,94181.00,97470.00,94141.00,96535.00,1742.18663518
1746144000,96557.00,97938.00,96399.00,96925.00,919.20772116
1746230400,96926.00,96956.00,95800.00,95916.00,696.37418877
1746316800,95850.00,96295.00,94162.00,94316.00,562.77317581
1746403200,94301.00,95198.00,93550.00,94725.00,936.93369617
1746489600,94725.00,96895.00,93376.00,96814.00,1074.63503655
1746576000,96815.00,97717.00,95823.00,97054.00,1333.27237851
1746662400,97059.00,104159.00,96907.00,103261.00,2303.46314389
1746748800,103234.00,104332.00,102350.00,102991.00,1336.08590855
1746835200,102992.00,104985.00,102845.00,104809.00,624.26506624
1746921600,104809.00,104958.00,103369.00,104129.00,718.36832309
1747008000,104138.00,105706.00,100764.00,102796.00,1914.47205431
1747094400,102796.00,104997.00,101471.00,104135.00,1432.50405705
1747180800,104126.00,104357.00,102622.00,103531.00,1171.49377037
1747267200,103514.00,104184.00,101442.00,103793.00,1339.09330148
1747353600,103800.00,104570.00,103137.00,103506.00,994.76037696
1747440000,103503.00,103720.00,102668.00,103153.00,459.80988884
1747526400,103172.00,106635.00,103149.00,106520.00,905.17939556
1747612800,106520.00,107115.00,102126.00,105622.00,1677.93212340
1747699200,105630.00,107340.00,104232.00,106855.00,1462.42485262
1747785600,106891.00,110730.00,106141.00,109682.00,2430.79413683
1747872000,109696.00,112000.00,109252.00,111743.00,1375.74025669
1747958400,111742.00,111816.00,106827.00,107329.00,1588.22862639
1748044800,107319.00,109501.00,106908.00,107799.00,577.06680579
1748131200,107798.00,109383.00,106666.00,109068.00,908.97625311
1748217600,109114.00,110461.00,108759.00,109468.00,736.73662452
1748304000,109474.00,110789.00,107562.00,108980.00,1296.61250535
1748390400,108980.00,109307.00,106804.00,107811.00,1079.82738975
1748476800,107821.00,108924.00,105374.00,105578.00,1431.77890157
1748563200,105577.00,106329.00,103675.00,104034.00,1224.11022278
1748649600,103988.00,104947.00,103127.00,104646.00,483.31138627
1748736000,104646.00,105908.00,103832.00,105705.00,648.06747831
1748822400,105677.00,106001.00,103708.00,105905.00,941.73137580
1748908800,105890.00,106854.00,104947.00,105454.00,924.42389243
1748995200,105426.00,106036.00,104219.00,104745.00,791.94847355
1749081600,104734.00,105959.00,100426.00,101559.00,1374.32950890
1749168000,101558.00,105416.00,101159.00,104393.00,1474.94148302
1749254400,104416.00,105959.00,103992.00,105619.00,613.87145578
1749340800,105619.00,106507.00,105060.00,105792.00,353.13072588
1749427200,105791.00,110587.00,105389.00,110307.00,1163.27877626
1749513600,110311.00,110400.00,108403.00,110292.00,920.65276216
1749600000,110292.00,110398.00,108113.00,108678.00,717.48831230
1749686400,108670.00,108833.00,105731.00,105731.00,855.76506249
1749772800,105725.00,106209.00,102816.00,106118.00,1268.16488329
1749859200,106117.00,106250.00,104376.00,105464.00,516.90004886
1749945600,105475.00,106163.00,104532.00,105617.00,487.58970132
1750032000,105612.00,108990.00,105023.00,106829.00,932.05599039
1750118400,106853.00,107773.00,103388.00,104584.00,1157.65258947
1750204800,104617.00,105566.00,103521.00,104922.00,971.05031921
1750291200,104922.00,105254.00,103957.00,104688.00,464.84582604
1750377600,104682.00,106521.00,102309.00,103316.00,971.51619457
1750464000,103329.00,104013.00,100945.00,102139.00,817.52134527
1750550400,102198.00,103387.00,98240.00,101015.00,1366.05281274
1750636800,100990.00,106125.00,99705.00,105464.00,1771.47809411
1750723200,105418.00,106344.00,104695.00,106131.00,1158.17542632
1750809600,106132.00,108182.00,105872.00,107418.00,1202.13073102
1750896000,107417.00,108358.00,106640.00,107004.00,791.37974938
1750982400,107005.00,107794.00,106351.00,107100.00,1286.60711501
1751068800,107100.00,107584.00,106880.00,107348.00,204.99976689
1751155200,107353.00,108546.00,107239.00,108384.00,526.42907649
1751241600,108389.00,108800.00,106751.00,107179.00,809.67116800
1751328000,107164.00,107560.00,105280.00,105709.00,918.59180036
1751414400,105698.00,109802.00,105130.00,108885.00,910.95167606
1751500800,108885.00,110557.00,108586.00,109648.00,902.39480928
1751587200,109647.00,109799.00,107303.00,108033.00,607.88228740
1751673600,108033.00,108416.00,107811.00,108240.00,219.21691172
1751760000,108240.00,109717.00,107858.00,109233.00,420.08244319
1751846400,109231.00,109711.00,107520.00,108287.00,708.78251782
1751932800,108286.00,109225.00,107471.00,108947.00,676.89664809
1752019200,108947.00,112040.00,108352.00,111287.00,1206.49472676
1752105600,111318.00,117000.00,110610.00,116031.00,1983.52144626
1752192000,116038.00,118839.00,115226.00,117579.00,1872.27005924
1752278400,117579.00,118227.00,116971.00,117464.00,657.61118852
1752364800,117464.00,119482.00,117256.00,119135.00,699.60199797
1752451200,119140.00,123236.00,118972.00,119879.00,2008.67990115
1752537600,119862.00,119945.00,115729.00,117769.00,5844.55673110
1752624000,117770.00,120086.00,117047.00,118718.00,1446.65793099
1752710400,118692.00,121000.00,117506.00,119275.00,1630.82389973
1752796800,119275.00,120900.00,116915.00,118022.00,1825.06401069
1752883200,118023.00,118553.00,117352.00,117916.00,499.25171162
1752969600,117917.00,118896.00,116551.00,117339.00,615.19846734
1753056000,117220.00,119682.00,116594.00,117437.00,1334.50157800
1753142400,117437.00,120297.00,116186.00,120011.00,1298.08983461
1753228800,120011.00,120165.00,117376.00,118813.00,980.23169548
1753315200,118795.00,119525.00,117201.00,118347.00,1079.42129756
1753401600,118400.00,118509.00,114518.00,117653.00,5661.93875187
1753488000,117652.00,118340.00,117196.00,117962.00,618.43322749
1753574400,117983.00,119798.00,117888.00,119469.00,579.57477524
1753660800,119514.00,119826.00,117400.00,118051.00,1062.35423495
1753747200,118068.00,119267.00,116928.00,117926.00,1161.32333055
1753833600,117926.00,118775.00,115784.00,117834.00,1043.63562888
1753920000,117833.00,118904.00,115512.00,115750.00,1022.71220262
1754006400,115749.00,116054.00,112680.00,113243.00,2329.78743891
1754092800,113243.00,114008.00,111987.00,112522.00,1093.67089437
1754179200,112522.00,114774.00,111919.00,114226.00,757.70817537
1754265600,114245.00,115732.00,114129.00,115051.00,933.27650923
1754352000,115051.00,115106.00,112660.00,114133.00,941.80637472
1754438400,114129.00,115729.00,113365.00,115030.00,1202.63711783
1754524800,115030.00,117675.00,114280.00,117515.00,1447.58301804
1754611200,117515.00,117661.00,115896.00,116675.00,1599.13538797
1754697600,116675.00,117929.00,116350.00,116495.00,985.99079289
1754784000,116490.00,119310.00,116490.00,119310.00,1018.22600871
1754870400,119312.00,122312.00,118043.00,118712.00,2061.10609204
1754956800,118711.00,120304.00,118214.00,120107.00,1834.33264903
1755043200,120113.00,123715.00,118940.00,123360.00,2624.51093464
1755129600,123360.00,124517.00,117201.00,118394.00,2568.14323965
1755216000,118393.00,119336.00,116856.00,117446.00,1480.94500475
1755302400,117445.00,118057.00,117252.00,117460.00,818.55779223
1755388800,117451.00,118626.00,117266.00,117490.00,822.50240192
1755475200,117465.00,117622.00,114706.00,116265.00,1938.43650897
1755561600,116295.00,116765.00,112702.00,112870.00,1676.74821297
1755648000,112870.00,114618.00,112353.00,114263.00,2261.15590441
1755734400,114263.00,114801.00,111972.00,112472.00,1865.84099631
1755820800,112471.00,117421.00,111658.00,116891.00,2747.02375092
1755907200,116908.00,116985.00,114536.00,115392.00,1011.76407870
1755993600,115391.00,115626.00,110671.00,113478.00,1706.85921657
1756080000,113491.00,113645.00,109283.00,110136.00,2458.05879872
1756166400,110128.00,112400.00,108717.00,111788.00,1921.06840005
1756252800,111789.00,112646.00,110381.00,111273.00,1115.69227815
1756339200,111272.00,113473.00,110876.00,112581.00,1313.36312523
1756425600,112581.00,112654.00,107488.00,108362.00,1977.32412474
1756512000,108376.00,108924.00,107389.00,108827.00,790.83013066
1756598400,108827.00,109503.00,108092.00,108269.00,747.36779711
1756684800,108268.00,109907.00,107270.00,109244.00,1584.06180608
1756771200,109255.00,111775.00,108426.00,111238.00,2118.59829056
1756857600,111238.00,112615.00,110550.00,111759.00,2089.17921268
1756944000,111758.00,112223.00,109343.00,110747.00,1931.55865495
1757030400,110738.00,113402.00,110226.00,110669.00,2214.24201717
1757116800,110668.00,111314.00,110021.00,110223.00,753.36082686
1757203200,110223.00,111597.00,110212.00,111144.00,1147.75813028
1757289600,111144.00,112935.00,110624.00,112098.00,1382.32507241
1757376000,112097.00,113279.00,110768.00,111531.00,1444.08044039
1757462400,111551.00,114348.00,110932.00,113988.00,1623.88652527
1757548800,113987.00,115533.00,113460.00,115533.00,1488.74398210
1757635200,115533.00,116805.00,114770.00,116108.00,2158.42031268
1757721600,116108.00,116364.00,115177.00,115981.00,637.92000888
1757808000,115980.00,116216.00,115190.00,115342.00,709.05249747
1757894400,115316.00,116786.00,114421.00,115387.00,1496.61808415
1757980800,115389.00,117006.00,114776.00,116837.00,1255.43431844
1758067200,116836.00,117323.00,114747.00,116477.00,2153.84805045
1758153600,116482.00,117968.00,116144.00,117125.00,2093.19820754
1758240000,117124.00,117506.00,115144.00,115702.00,1802.70990238
1758326400,115703.00,116197.00,115479.00,115759.00,1111.98890244
1758412800,115758.00,115901.00,115258.00,115292.00,789.19772796
1758499200,115275.00,115435.00,111986.00,112741.00,1951.76217647
1758585600,112741.00,113344.00,111463.00,112025.00,1468.03878727
1758672000,112025.00,114005.00,111115.00,113339.00,1320.90667792
1758758400,113351.00,113542.00,108652.00,109021.00,2615.57202808
1758844800,109021.00,110372.00,108676.00,109696.00,1849.10982840
1758931200,109694.00,109789.00,109130.00,109679.00,475.39719794
1759017600,109679.00,112375.00,109239.00,112203.00,789.14477935
1759104000,112203.00,114486.00,111597.00,114379.00,1866.13986072
1759190400,114359.00,114842.00,112714.00,114065.00,1873.80348877
1759276800,114079.00,118708.00,113982.00,118668.00,2297.03276139
1759363200,118674.00,121106.00,118355.00,120612.00,2079.67690093
1759449600,120645.00,123966.00,119353.00,122308.00,3097.07232266
1759536000,122329.00,122885.00,121575.00,122442.00,628.46992763
